x,y,Al,Ca,Fe,K,P,pH
1,1,1084.31281318239,200.394510083625,209.745872058913,28.2211587313178,4.16914276125547,4.08889230928188
1,2,1170.39393601378,191.564239666962,200.813111439669,27.7510132611448,3.85356774624968,4.14008574235582
1,3,1269.99296855401,169.549000699161,189.260562333195,26.6304615476296,3.43673237493158,4.18001676184147
1,4,1211.63635586079,149.968826259061,178.283628430844,24.8702264749504,3.00466588732885,4.176691436743
1,5,1116.61129643758,119.302021348655,161.594711806578,22.7271068488525,2.64148435026378,4.15845623907463
1,6,1055.56732014809,110.706291845022,165.863486094921,21.1819974332761,2.62825124271929,4.08959891197096
1,7,1054.97305879467,110.82342898284,167.630728491002,20.1929122043867,2.76462077179691,4.07779750793557
1,8,1051.83317508288,115.341533344323,161.010886174764,19.2696360799719,2.84700329767653,4.11023272848545
1,9,1039.313877525,105.168157707648,155.655455077642,18.7562396653033,2.7695257489609,4.12691055580804
1,10,1013.7731692388,105.586664329265,152.688329815214,18.6243418346363,2.44627202736098,4.08275541752937
1,11,999.057236568575,109.851941431841,154.564944112253,19.0210807856095,2.37484210463979,3.9681497286547
1,12,1073.44292563718,135.06958132461,160.948054915941,20.340972231529,2.92157432497078,3.92923645468423
1,13,1146.01013379234,180.986206956127,147.074087929512,21.7597157334557,3.57092394236458,4.05514756976846
1,14,1162.45278669623,209.932462300272,135.101070116927,22.6934478835283,3.5926780260321,4.30439785479163
1,15,1156.75371525128,202.115415942571,124.083762227695,22.8494483836274,3.15727453087676,4.5750895913376
1,16,1111.73430197974,147.360315238073,119.965606981175,22.3733008201692,2.24696187793632,4.62981216070194
1,17,1063.51891537726,93.2991365396583,118.810468867383,21.8613181948357,1.66510825089187,4.51171911976486
1,18,1058.32031292919,95.8140415882615,135.372199384972,22.1806994771725,2.19486526620779,4.2775337525862
1,19,1068.8460905169,126.537265765661,156.381962183695,22.8140299358924,3.13787128417132,4.08451766577682
1,20,1132.54119458501,188.745956930052,173.204446601923,23.5133633027004,4.22753733656727,4.08953021715522
1,21,1198.98332494935,247.520893293075,181.265574601573,23.8279572275499,5.02458158330504,4.16676583402735
1,22,1313.82688897986,208.98251667355,175.747724533528,23.0253746815504,4.0408366884678,4.18306278701998
1,23,1415.45125638383,152.928207988664,169.389622014146,22.108282686641,3.06199795064581,4.17632412360403
1,24,1283.19186674901,122.32177070903,165.275518321389,21.4049586839718,2.41559387389989,4.18800250109978
1,25,1142.5737274008,110.230488083243,160.56557036415,20.6393712934767,2.06889864542239,4.19994216281941
2,1,1128.46099813498,219.479494583957,209.125452454689,28.369275769578,3.9072843775184,4.06296981254326
2,2,1154.55946494221,222.602636219398,213.630652177613,28.0961181308882,3.67830965875716,4.11171614703882
2,3,1173.01097996082,212.174745113329,217.572222193279,27.2125592950929,3.37617185465502,4.13943203046974
2,4,1152.54143832298,180.334756323775,204.39940355538,25.484403602481,2.97288994204518,4.12630206890163
2,5,1065.16731373242,135.743919802398,181.167494697183,23.0905691197417,2.58947108486319,4.14799191264759
2,6,984.280352157485,103.55264074764,170.353856112778,20.8444653209946,2.37575632670087,4.16798942882637
2,7,991.127883316493,95.0565659221675,162.701368247986,19.2817729836331,2.36022387405636,4.20335714793574
2,8,990.688211546687,94.3562575867433,154.511953805416,18.1841861645684,2.2792980843151,4.20797279004359
2,9,970.702424556366,84.1075064805921,147.577474877037,17.4743181703322,2.06987747011033,4.16738473139289
2,10,963.780733022083,84.6251757039222,146.184819043833,17.5878202908125,1.89922781177456,4.12164761564288
2,11,976.283739357533,96.0100475091,149.100835562999,18.4264892689966,1.98672017809294,4.05005247095259
2,12,1039.62811371545,123.825457905632,153.965922066164,19.9589767997463,2.6043416712315,4.01703448112571
2,13,1110.7850528144,158.960986221348,147.76541206619,21.5964704907365,3.35350536168121,4.12533069736146
2,14,1131.48398463271,189.150108191368,137.289703662287,22.5329481564981,3.47580297827047,4.36964779113603
2,15,1111.99045316737,185.449978581229,128.166436620543,22.6256901610958,3.00797179564585,4.61494602913034
2,16,1075.79862823056,150.319945050886,123.107328154056,22.1664197033818,2.31336653510078,4.69701058445089
2,17,1037.92299343465,112.405604889031,123.125445796175,21.7566338789864,1.92633701614891,4.59974050590986
2,18,1014.12846386535,101.035830624022,137.992271996844,22.0442446057435,2.17457942198926,4.38612411837809
2,19,1016.90851015676,110.056017568057,159.708764148163,22.5879339491402,2.72188675697523,4.20999222146919
2,20,1050.56861387377,136.611528016724,176.103966998452,22.9254634223344,3.32152383364904,4.16355364831499
2,21,1092.62073744202,175.772484730283,179.826164145512,22.7217245982932,3.4617539517338,4.19227739368577
2,22,1226.25712766331,199.372267932199,181.849721400301,22.2012385544927,2.95623647092235,4.2390360750129
2,23,1310.43080976919,212.974028231182,188.126939227266,21.7557718022162,2.62088501121483,4.26941678459356
2,24,1238.65382011332,169.277016768991,180.499954540224,20.8330674721162,2.33996398357936,4.24669779521077
2,25,1151.45423181459,138.606953275299,175.380276853706,19.8611989945925,2.28502603345159,4.21404700590217
3,1,1167.58887500777,258.448924435906,202.586886432136,28.5359357124167,3.78831572624946,4.03618052349405
3,2,1128.03377981457,273.716308216489,222.137387689136,28.7177803722382,3.67007819102454,4.08136457276993
3,3,1097.1482938601,272.547416145776,248.553540506974,28.2752132290783,3.43007471082261,4.10346275844328
3,4,1110.35921704268,226.337420019361,230.998952881912,26.6804013391921,3.09652983704511,4.08367747710127
3,5,1011.44253906188,165.518309592496,193.290753804603,24.0700740121877,2.67116275561941,4.1728931579862
3,6,938.259081858241,121.718036118711,167.154083855188,21.3999524822659,2.32655123736486,4.37255466540627
3,7,959.977909705308,104.443332808859,153.954268090593,19.27866283713,2.1456980926061,4.408960169513
3,8,941.060657096253,100.860120659861,149.306986350767,18.0279729130715,1.96811101078688,4.32799507788582
3,9,908.39243970031,88.0238263950117,140.736216337943,17.0836744910699,1.6566838832742,4.20592483263892
3,10,923.319215987705,97.0314117029977,142.675829458621,17.619426318709,1.61634902269794,4.13974327382453
3,11,943.109650875922,108.057609876787,144.615916174883,18.7390822027791,1.76908954968526,4.12815272307092
3,12,1002.31897577824,135.249333836911,152.845869897678,20.4708334057236,2.46793423190317,4.09784700776837
3,13,1079.07967321016,157.866367843336,151.554262727409,22.2558127476364,3.26379028369471,4.16826024864895
3,14,1096.51470402654,185.135335346788,143.761344450942,23.0579837288266,3.38862226317447,4.38596584767622
3,15,1065.91101459809,186.003503079356,136.146376482522,23.0294996611916,2.8674428782266,4.56311205237728
3,16,1042.90972603685,168.999964131259,132.456140295619,22.6506278586403,2.42763281509586,4.62378268320015
3,17,1015.27804825201,142.675042033636,128.863222077708,22.209621274339,2.20438009045853,4.58253145802043
3,18,971.694780066502,123.361157840525,143.875877510362,22.577750628287,2.18799795517928,4.43369794805021
3,19,929.93506167908,112.751271308553,160.851326190869,22.8890094677674,2.34031518291397,4.33369452482357
3,20,924.607066136943,114.92234519663,171.5860956818,22.7487569285342,2.50452292185557,4.27994284330597
3,21,927.441143185379,134.701839305857,176.943957354647,22.2846632957117,2.35373671448575,4.27510871875307
3,22,1095.17530479161,195.224759379111,186.876506349069,22.030134441352,2.23821078782322,4.33279193409523
3,23,1218.00862752086,265.813452798074,203.631114382361,21.757309454964,2.25783938115684,4.36631399786071
3,24,1158.36010685636,218.912053184748,187.779087056073,20.3427727802505,2.2504341484107,4.30335221996733
3,25,1117.65289239639,171.369896377373,182.383512357471,19.0612844258705,2.46100000654193,4.23200127548334
4,1,1031.37774362138,305.992419041371,202.925437150314,27.7504414093537,4.24221608733581,4.15221825906742
4,2,1041.35337177811,313.780661309967,213.179402311279,28.6114148102191,4.04326892505816,4.11889218816603
4,3,1058.71913160202,293.613985923618,222.92101063303,28.8466428688875,3.70156631334271,4.06780125073079
4,4,1044.53773125221,248.6307159058,211.485963346547,27.706613565155,3.3485909227833,4.08600622409311
4,5,950.94142564891,194.605943006906,185.506826365771,25.4057680116291,2.94585273078896,4.25432324223132
4,6,853.113371109812,137.369683995905,164.281996735158,22.6593245151504,2.43962609397461,4.60751637926773
4,7,873.165074036519,128.498951972796,156.007439090823,20.5510690163475,2.21862427209368,4.5590803353685
4,8,915.494958630001,147.376680087827,155.833450045884,19.4587197513567,2.10319125365736,4.3450328724873
4,9,921.233249502914,163.666264849199,155.290410253412,18.9806084482216,1.92030812594894,4.17666229894445
4,10,909.664368794938,162.438822155259,155.312719879938,19.330453050001,1.91602118095229,4.10104561841385
4,11,912.692493420696,168.696763014225,158.370441719752,20.2773258041137,2.15483623652633,4.12481909649227
4,12,954.699969355998,193.12721267561,164.585916630767,21.6625011909772,2.71282009192143,4.16605271261842
4,13,993.7098786534,215.273873472827,166.637067091016,23.1923713289274,3.30810006518326,4.25004889957028
4,14,1018.61521148725,219.71448538768,161.761848833847,23.9958555884372,3.34752378004997,4.34584227067235
4,15,1018.04635891351,215.475835213712,156.169828430692,24.1292731978871,2.88048268976492,4.39465205294601
4,16,1013.21295256223,197.855191633088,154.005046957124,24.090799180598,2.49879064854632,4.39559841508081
4,17,993.59881489021,172.111110225871,155.106015773903,24.0993011262893,2.32124946794376,4.35451789655578
4,18,945.139597349318,150.41715307535,160.666161894867,24.2550818684859,2.21549884518059,4.3208027049828
4,19,892.252692658093,134.973824572677,166.150243415653,24.0493719650629,2.23253476187761,4.32262415830514
4,20,881.272421796366,129.742536791051,168.246756478727,23.3628165294152,2.22047765019679,4.3630550874984
4,21,910.057877381587,142.952993949809,172.011237762095,22.6588618443926,2.07058158952692,4.41237260311184
4,22,995.126131408352,182.673767297123,176.786135065719,22.2707321328646,1.99628764000407,4.40820221932138
4,23,1052.35867686842,230.098125332359,178.196029403174,21.7418138337662,1.990688085691,4.35135019450422
4,24,1045.20985019925,242.687679553884,177.182648080196,20.1300424371227,2.04093854872273,4.3228801505407
4,25,1029.60722419277,218.830193908343,178.441112157839,18.6504539715614,2.33484580638974,4.28705174211256
5,1,895.781763383531,360.150814616663,208.020733788516,26.2471562776433,4.88329085996314,4.34752422654219
5,2,951.881260841384,354.406230844395,211.195650805889,27.6223039439316,4.58892155308804,4.26454286956143
5,3,1001.80723580269,322.347654415228,201.985305145225,28.6886730107591,4.1566078228649,4.13269066015427
5,4,996.782799890432,277.611801896663,190.684957820146,28.3631566808683,3.75944695136796,4.08751024661214
5,5,919.289943623366,237.422918234815,173.265039750772,26.9447185528632,3.36461440328752,4.16641374081795
5,6,858.465603749415,177.885667676618,163.863461833338,24.5965635794348,2.79309588593357,4.44458053612516
5,7,864.758421068968,172.225086859269,160.238916958354,22.5240571017955,2.4659238117258,4.4010631657968
5,8,935.360717077959,211.515516174485,165.515874623945,21.7062659967691,2.38193849509972,4.2402731333457
5,9,969.67789821615,258.205459763475,172.076736415812,21.4563955782871,2.37044250470571,4.07340508116415
5,10,937.331646685969,236.950003495547,169.737706245287,21.4259067228277,2.38924223243492,4.05360551270376
5,11,918.587507093693,235.901890491865,173.538061228613,21.987243136713,2.6202026848905,4.12969721606602
5,12,921.503541639059,252.990047837181,178.080675267686,22.9677390337377,3.10193804127538,4.25863374439108
5,13,911.89041166973,286.943555327392,184.975214297207,24.2945285225915,3.49515633639213,4.38075305767966
5,14,954.790953265746,275.47290927892,182.889903816126,24.9824030208889,3.28226984547336,4.38120669408594
5,15,989.010339002474,259.91842321251,179.854879687286,25.4221361317319,2.7988368519775,4.27773164801547
5,16,1009.04748692956,229.389195012353,180.358243813866,25.8731990192346,2.49007285779259,4.17264632182853
5,17,1000.31195512357,196.066661502228,185.976463783167,26.3223070990346,2.40925298408502,4.08098899682854
5,18,947.867184914864,174.203082319892,180.851577056828,26.232729716711,2.32617370337257,4.12011038197175
5,19,877.113562641337,174.758259712899,174.613748191559,25.6438163409866,2.23990607120089,4.2105354482877
5,20,877.513839414975,195.717304110208,165.751372435554,24.622152663253,2.18364782058357,4.3546282087015
5,21,916.986370111453,192.517796544144,166.722652973238,23.6067415932906,2.07547853068895,4.46728204408184
5,22,949.03298020587,195.234438805548,167.502260949192,22.7041851337754,1.89400585849385,4.418550336458
5,23,954.72020583679,209.171561307294,164.375898019336,21.3865474733359,1.70301539400932,4.35868973088806
5,24,964.927903680718,232.957328127219,169.680441760649,19.7773579407403,1.84336390654199,4.32109830989275
5,25,961.008427899864,244.987694947368,175.153342135426,18.2692200408489,2.10643725243972,4.31541875638248
6,1,923.389220255032,355.692301541316,276.675255116367,24.2125515273236,5.12106055169265,4.61193535185163
6,2,944.708563651107,362.367119539758,244.567912925074,25.7299057680575,4.7928847398671,4.5067761579211
6,3,971.31900298867,345.643996363618,208.883204025402,27.2354163194174,4.39739782546034,4.30971787595309
6,4,970.158674948533,311.658184043509,185.844808610193,28.0635597355387,3.99804758823483,4.17992395565894
6,5,945.395617552504,278.287545973817,171.119742103172,27.9514510315371,3.4879942139029,4.17491429611706
6,6,929.598524559893,216.626846602817,166.630954327858,26.5498594727313,2.92221083923784,4.28316696948904
6,7,953.362093840536,196.124213246979,166.651582329371,24.9396185135913,2.47267627284593,4.28956702101518
6,8,997.77564544147,225.379036837393,168.576000603073,23.7248452358231,2.32114312164272,4.18279667904672
6,9,1034.38230281105,259.474917570604,170.946224687907,22.920870083811,2.31582254799868,4.0538181854626
6,10,1002.59229126266,238.382532254346,169.102581918303,22.4221499966078,2.32229561955109,4.07093923910805
6,11,958.090772613951,223.550396252815,170.137957260234,22.5232209296274,2.46113832338531,4.22126437253811
6,12,911.29039188184,247.737378767529,177.154337205828,23.2646417131298,2.9082928083792,4.40896344580349
6,13,865.725307655464,282.9803200678,187.298910544786,24.0750171720143,3.1543730903699,4.55936445585365
6,14,929.148436274075,269.702292057103,197.259984545514,24.839447941665,2.97685658120364,4.49143242000976
6,15,1036.34898561572,257.10242504183,204.954265126829,25.6943684618674,2.70485037347518,4.27744573891973
6,16,1063.0282440961,239.854130442907,204.172446521044,26.6580768135468,2.42403379490451,4.06335098669641
6,17,1047.39489954375,220.102667570452,201.999450631063,27.3946541048023,2.29343845058925,3.94247956274529
6,18,1001.46401634221,208.038453610046,194.352173760927,27.2002950839483,2.21615500441487,4.00100263151977
6,19,953.77127731964,236.413614247889,183.75021922766,26.6750008130131,2.1527110128919,4.12162527524892
6,20,928.82996754511,274.467803938255,171.922498339365,26.0452395372776,2.23704692028007,4.2535397531321
6,21,937.104101278753,259.496639184585,167.26998997961,25.015378368381,2.23210780054729,4.31776130910199
6,22,951.390111757713,217.026643071817,168.320928442481,23.4830342053051,2.03366811639036,4.28390474418716
6,23,950.085928797184,190.768245757648,170.095175504504,21.3779475021443,1.84479012022996,4.2740863960137
6,24,928.526390868274,184.39339681263,172.832714870057,18.9888666412686,1.81580582354117,4.31425088292347
6,25,905.986267264854,183.175755439925,179.560018909657,16.8881547843353,1.92512322400436,4.37053583425582
7,1,967.726191855965,293.588558450006,352.779665531233,21.7414689097776,4.76914462599735,4.85332864591727
7,2,952.265193599904,305.306599338705,269.680151344129,23.1424854051531,4.33124966407559,4.73555956959462
7,3,966.771614821656,321.135592283469,210.954683387216,24.8488613885057,4.01005140460306,4.50131158571257
7,4,953.154758064877,306.54481750443,183.109735925485,26.3624810966325,3.6680775275962,4.33495083990455
7,5,951.334693183596,288.282739126256,167.859720551592,27.613794461447,3.28789673655665,4.28659804453432
7,6,934.470454570257,204.957708210743,165.495456542846,26.9262530252769,2.63981858329025,4.31919632309534
7,7,977.734907675362,147.832332145511,165.669164088494,25.9238796690208,2.07435496371574,4.30638061699612
7,8,1005.887364266,155.634559842894,162.52364060116,24.3514318477645,1.826497168728,4.2499652615796
7,9,1077.89677863198,189.319275618382,161.012320526503,23.2240165855264,1.77939228800455,4.14006993713242
7,10,1039.42174958407,182.120597373106,159.063995793087,22.3721030506623,1.70861104746043,4.12001452144541
7,11,979.9036813032,159.351406808921,157.937682484037,22.0747564935789,1.71221419841181,4.26102135930844
7,12,882.951179000304,184.424977926549,168.293257746489,22.4218266019564,1.97807123647418,4.52143311187325
7,13,742.002997543488,189.266597310612,181.548974424173,22.6046580354187,2.06705004477916,4.72530215132727
7,14,921.619582239946,187.43647537314,204.103267926288,23.5933280389765,2.12942835715898,4.55526058718313
7,15,1134.47213634797,204.892648390816,227.093818348015,24.8050989270998,2.2887561393712,4.29423513301086
7,16,1132.90809148392,218.735173644993,219.160317135938,26.146708698281,2.16863601986082,4.07754614717798
7,17,1095.92693806474,231.966474036865,210.247839678547,27.147569588646,2.02345759907474,3.9584857131011
7,18,1057.19567009733,233.462945843062,203.643087146346,26.8872324180491,1.88287966759718,4.05722586952531
7,19,1034.53683281611,263.521507400049,193.903856227316,26.5234768730328,1.78614603535508,4.1421241219608
7,20,979.372939891077,298.604849973572,176.646759894115,26.4392977468789,2.07761656129245,4.18473544494576
7,21,963.543342878097,265.668558601318,167.456143301121,25.6800306356564,2.22112048395971,4.17087149414057
7,22,969.861695165666,198.750853971279,171.222021344775,23.9785807449425,2.09337942489952,4.13686297666743
7,23,965.833683765883,163.504033383302,178.13769729685,21.5345943026564,1.94365896970774,4.18898410364717
7,24,897.842682232142,151.638253945566,180.765015458915,18.3524127455159,1.897346442483,4.37296613909551
7,25,827.592115690521,126.685127192313,189.426639269768,15.4573117314609,1.90961032513923,4.5310065910323
8,1,898.24618057772,164.197140404529,259.732262771946,19.1425012140332,3.22216881739001,4.7355271728877
8,2,894.45175690667,182.940447620604,225.667425189252,20.1313312500687,3.01768408584589,4.77820163281714
8,3,889.886214861866,209.583884418138,192.070922830581,21.3835344164429,2.89306303433374,4.67899479026004
8,4,887.063138577277,221.066959462416,179.803742337183,22.9737463956116,2.79923402536772,4.46086560925126
8,5,871.096605646292,196.843090773933,173.275324191882,24.4001550279114,2.61494398934796,4.35217554168432
8,6,791.62516059966,131.664332901228,158.52673466592,24.6925533469061,2.10708345151936,4.45119296080557
8,7,745.516438185083,79.9558736268378,146.908110939571,24.1057343867894,1.5616003789487,4.55759312549207
8,8,857.457104067001,73.4636131435383,150.52035938795,22.9036615972782,1.24696641500515,4.46429315113539
8,9,999.884588491718,97.3475672300658,151.583084266047,21.9534598666559,1.14024395994297,4.27055271472309
8,10,1028.49306891709,133.534165310716,152.318942878487,21.515282535758,1.18333382016752,4.19654250547948
8,11,991.53530885288,136.712235610531,152.996736755256,21.3037264863537,1.17158073148117,4.29205880817862
8,12,904.897550378505,120.421583142761,161.833586009088,21.2170890137819,1.146722840728,4.45359917359453
8,13,850.123920359031,101.607657037773,175.736542886743,21.1910028373138,1.04857651529397,4.50318648861302
8,14,1003.06818644751,99.4409031341361,201.22315074694,21.9855589338164,1.11074657632713,4.36142198174983
8,15,1177.066227885,121.5897399976,223.653061801167,23.2281010330869,1.38446005850207,4.19449371427442
8,16,1170.38503855007,163.379291462674,217.438606442883,24.4522723755312,1.61364804300933,4.13510618424707
8,17,1107.35000753452,197.316687069267,206.784101235278,25.3179464230783,1.67331361103555,4.16802174498423
8,18,1075.58170092386,211.458313324749,210.197191181723,25.4208049997289,1.54463984546827,4.24735184360345
8,19,1061.53614130697,216.093468292411,207.3902354079,25.1389768948901,1.41655452876214,4.29091006609526
8,20,1026.63427817325,209.046691299086,181.241191164273,24.9978753976048,1.48254260195625,4.22669674856056
8,21,987.292528352186,167.259883564306,169.161534122712,24.7829467862249,1.72514899263591,4.0985424461545
8,22,980.35454190819,137.799439041383,171.687269496806,23.6446744453913,1.94055546111327,4.07258447595283
8,23,956.500653037323,132.512506621482,178.543338752571,21.5234669086832,2.02261269725271,4.20906635552375
8,24,854.603137460249,140.849037447506,190.818045203134,18.552814300731,2.06809896059118,4.50196047959366
8,25,765.301257673178,133.140379866899,210.119140322935,15.6695096691606,2.12502342270648,4.74450610235935
9,1,818.516843679927,72.0946863151077,190.294229054032,16.9424847146269,1.85493619424986,4.50520894730091
9,2,834.393374960615,89.8226819827642,184.745128167995,17.617178141548,1.77997024607913,4.6425692486144
9,3,816.45197750619,105.218201392621,170.154057796288,18.3345683249753,1.76670289072022,4.65482304113306
9,4,820.46279231282,115.442428398995,177.677590586037,19.7492967479006,1.93905817078128,4.41608164544853
9,5,805.0607723585,105.502922199447,183.69431629315,21.139100372141,2.02776826786189,4.28951040559521
9,6,635.133371514386,75.1562815698357,156.2527676765,21.7707894388037,1.68340953410366,4.53619380321932
9,7,444.687233166992,39.3480486286512,133.714426612325,21.5021351990035,1.23254096123852,4.86396540074217
9,8,662.829619878499,41.8998173568528,155.527338503838,20.5190873502946,1.14330144277814,4.75701468973536
9,9,950.923788006811,63.4297642087451,157.72427427952,20.1083980999785,1.0534223691396,4.41565673752502
9,10,996.571103448062,108.819808539173,156.523901702991,20.1034204044632,1.20987481020481,4.3375493070472
9,11,1010.27228176738,123.684436036579,152.260334880535,20.0617176801418,1.10873688395405,4.36000375096043
9,12,959.616519853597,81.4010801433346,160.345980325544,19.6754675611358,0.917702391867213,4.34933394043493
9,13,947.58058946015,52.7567970441748,168.343679687665,19.3345853211161,0.599761026274896,4.20935867557174
9,14,1098.3503068197,46.7831963001641,196.199828694896,19.8882722645086,0.543762689673354,4.06079997623761
9,15,1272.91866895003,57.5386005499982,223.254549834881,20.9586719675674,0.678130525777053,3.96815804186864
9,16,1211.23125252335,107.246088266969,209.783371314191,22.0156854026195,1.05242351874139,4.07742934167604
9,17,1122.17059068039,145.412227839604,194.413199866915,22.9498668022391,1.31825646441794,4.24169678220259
9,18,1079.35135228559,156.152799322829,211.126552781341,23.0793435159016,1.29033720961723,4.33153658765906
9,19,1077.76324995903,150.911110419168,226.712122977637,22.855958442075,1.17122129845233,4.3513708488864
9,20,1064.65460266661,137.43152341591,181.108543437441,22.7113096385584,1.06509209743938,4.22898450820782
9,21,996.614938092709,87.2606509087222,171.249231981067,23.2041299796486,1.35776431973017,4.01324410894941
9,22,989.77679504761,88.0010537648728,174.12849356202,22.6323394902757,1.74353777088281,4.01164499009987
9,23,975.572811844583,101.17520310998,175.876285424316,21.2372361775474,1.96276112444246,4.16393535426826
9,24,831.952540765692,128.839839399141,193.088874108695,19.0036008569542,2.11720663198386,4.51866695430689
9,25,726.790179456778,160.62036613842,214.064615875368,16.4455786879371,2.15624876274382,4.81448278489492
10,1,850.257223626387,55.5562401048194,187.667707162771,16.0967632855542,1.37981700114037,4.33067089071578
10,2,847.234292586034,57.6258121880334,185.832829597318,16.4134093597857,1.29789300684268,4.42830013170855
10,3,838.069410414443,61.3101912244081,185.830486065626,17.0171210492202,1.36340981501454,4.40706330287706
10,4,818.715846854687,62.4760841204407,188.209283912551,17.9113696323181,1.5311044561779,4.26442268497047
10,5,765.133382574448,58.5560111116043,185.202729725487,18.8766626595517,1.71268731078029,4.20562335472766
10,6,628.871545799169,66.5932201879306,169.192938324132,19.56428511552,1.69400443155193,4.44600749411961
10,7,495.67974808158,63.0055615492439,166.063803916333,19.3844875260876,1.63931341946298,4.80722690454046
10,8,550.547748412613,58.085525108532,186.253956701,18.6397778836687,1.67476738527272,4.94976335944059
10,9,702.874603669711,68.6795098068794,183.911812986448,18.5976600034596,1.73298314321623,4.81291650991143
10,10,879.928010542552,88.9520790880787,178.456704043368,18.5741541292112,2.08905489148687,4.65728079039686
10,11,975.441196862139,89.7741318517794,173.327490105766,18.4432576216895,2.18118721609681,4.55880839011181
10,12,959.523200396859,64.6377801992802,168.017597034245,17.8445470839738,1.42505691314072,4.38273394395296
10,13,973.056503529081,36.5065836455372,168.497684963279,17.2804804153788,0.66646605969036,4.09773783228481
10,14,1117.0660640482,30.6868511009227,190.755475229903,17.4788704864882,0.409230723246026,3.88486750357807
10,15,1257.74832430999,41.83298482851,211.0384655236,18.1694235422122,0.449773432055716,3.8313893995048
10,16,1228.03137498102,70.058107004655,197.959526052631,19.1354876522003,0.76319358671347,3.94682437919543
10,17,1130.50255946496,94.815204651619,184.856054705271,20.0637087945984,1.13011245039714,4.10692010424157
10,18,1052.30795407816,111.690373565255,195.589155225814,20.3657109934522,1.31164873993332,4.25184156749145
10,19,1035.9892119284,114.439709353202,206.657194661974,20.6114108971062,1.37049159971366,4.27025190164731
10,20,1044.35470499414,119.47801403709,198.985330943986,21.1539366870777,1.45300235114263,4.18057435794103
10,21,1022.01920926748,98.6437426817243,196.050917861553,21.707901850885,1.64924803396197,4.02417768435139
10,22,983.739658547586,77.5471555035156,189.970854699622,21.0464995392135,1.77667145937828,3.99549170560953
10,23,954.58369903821,74.6777982091987,182.941386641744,19.9014912013509,1.88585717121012,4.14195410799235
10,24,888.55576851377,96.3156930605833,188.076870007554,18.6093639875618,1.92774322598295,4.39099607579279
10,25,846.543758226629,125.889258159661,198.442216087124,17.00807454813,1.93353148314357,4.57930032143209
11,1,887.860337424653,63.714352336151,197.619100933681,16.0262850984231,1.31690984542097,4.21754896343922
11,2,863.619506186604,67.0350405466358,205.417071422448,16.1979785536732,1.35299155004722,4.31985870071631
11,3,860.932891206439,63.1379924492436,212.796019649767,16.5878425131515,1.45843593331211,4.36125919725784
11,4,831.97616182951,62.173243107891,204.767616045929,17.0311027237396,1.59237854573215,4.26979170619079
11,5,788.775101951415,53.0036632672931,192.197772558598,17.5566519474972,1.70151097254768,4.13314261093328
11,6,697.41357550081,90.0776569517313,181.377660581011,18.3303118548715,2.00400234388472,4.34747467825735
11,7,612.424372737475,126.322726258294,179.768469091951,18.5378047983181,2.24734307422811,4.66980505343746
11,8,610.101729588908,109.191021351092,194.328212627076,17.8872029100153,2.26673642960895,4.88978457818464
11,9,663.81400164223,85.8859186550404,205.706550707337,17.4062082079901,2.41803078107697,5.01320732136393
11,10,826.862088465736,79.0886510382923,198.090989387866,17.1652071045261,3.19057697402431,4.94920476945654
11,11,961.914301541137,63.8164056394368,195.332712223848,16.978501295399,3.80081397675009,4.85789693412811
11,12,921.29402076434,55.6623657592302,178.336894601199,16.2098899096451,2.27710512532261,4.55060588296667
11,13,905.826668934955,36.5601071665229,167.160545220427,15.4859106248823,0.96507196986957,4.17065073663396
11,14,1073.79497285871,35.2001646143178,188.77758623214,15.2865326612728,0.522939209764669,3.9216843991546
11,15,1249.61648228992,37.6918424039022,206.829262307904,15.538431000579,0.473402768275863,3.8212672570906
11,16,1194.66131518708,51.2939857351328,183.784025436814,16.1484327006852,0.762456781601317,3.93790718104047
11,17,1078.13799360876,66.976257408541,168.02566359934,16.94394162956,1.22582222856336,4.07605826824808
11,18,963.329965477721,91.0247786697035,181.547902471218,17.3544705052364,1.69815650299191,4.28043795281642
11,19,949.154872925428,104.493280638791,196.698086153247,18.1621200949798,1.96671228057473,4.29704030949562
11,20,980.389205561922,133.635783528819,217.752514267355,19.2069092189968,2.26824368924533,4.25560230273765
11,21,987.074954310223,117.844520835008,232.060927683726,19.9174096831054,2.36562221046839,4.09011995760025
11,22,943.015723350386,79.4584094889213,218.726538276864,19.1407159310303,2.1606353585789,4.08210613368612
11,23,927.447607965187,55.0352500527525,197.277907827339,18.0899202839244,2.02412115533674,4.2298127421768
11,24,918.57456462801,62.5558372276455,189.275385828926,17.6664671589642,1.84686717036905,4.37135309693923
11,25,942.644972194871,79.4552251432002,183.417794114979,17.004303172721,1.72706851150233,4.42890666088663
12,1,850.21893109924,103.079865825674,224.165703307604,16.9993211001056,1.77265666779443,4.26145554070014
12,2,803.573556961394,110.49890818989,231.333895684877,16.7151862903093,1.80679985673006,4.37529326423725
12,3,774.784427832554,115.979163237428,235.879715758854,16.6104084450591,1.88173307879252,4.51580075129178
12,4,797.776019142495,111.501643835053,217.512662837093,16.8984756383814,1.94174496080764,4.52736842923414
12,5,814.628746966904,111.326712768274,197.479483502881,17.3619349726378,2.07804589289399,4.42807711482448
12,6,784.59682483181,127.644739003867,188.806602698561,17.8027798959877,2.36784471320408,4.36809488426209
12,7,742.915885979865,144.239924588553,187.850545417985,17.7760242022409,2.60104969955066,4.45552827171039
12,8,708.233365487521,137.714140307212,190.772130712876,17.0473284098832,2.66962592256377,4.68961363602043
12,9,717.287746239449,110.263324469062,192.172803419721,16.238028396969,2.7563616769104,4.91149934319682
12,10,796.28845075431,87.062519802484,188.150755782757,15.7286704429416,3.06486388983726,4.97095611817905
12,11,865.875500030578,70.5151232082795,186.526816533834,15.343693616754,3.04315400936492,4.8911976432219
12,12,862.531725731898,64.2816096992927,186.909829898895,14.8130995325887,2.25262491538866,4.67605693540514
12,13,869.067323825589,59.4876721407617,190.223712687142,14.1688779698742,1.36772397980056,4.41809759522842
12,14,955.46177622485,60.2706121823545,193.038895665373,13.7242067482218,0.860831385698037,4.18163812340604
12,15,1023.15423117087,56.6486347187283,188.923685254254,13.4281979412151,0.743728142438279,4.06357614148822
12,16,957.961690348331,57.0634303029862,169.810494496493,13.2415459455247,1.0181593663014,4.17215244995051
12,17,831.523059778264,65.593549791095,159.91603067165,13.3322157751836,1.52543342173402,4.38321747241231
12,18,788.382202010566,95.8092786534984,182.06344541513,14.1571370577489,2.25767196138647,4.58595849300988
12,19,807.67836834836,131.345127431148,216.118621200399,15.3483191041833,2.95669955692801,4.63197492000008
12,20,859.125926283678,142.907064461562,239.632649747483,16.6356073886138,3.22140213813976,4.4841298210868
12,21,882.382489396598,117.039195632552,256.034787717057,17.3454653272016,3.11477671400329,4.33942010359256
12,22,861.764305579117,93.131133427766,264.551177819224,17.1772219937332,2.73043782736692,4.35738837450265
12,23,838.202777368554,74.8119745481699,260.086306312946,16.6616123129421,2.33400830268453,4.5096888647425
12,24,844.863477171376,69.0237160865463,223.806887109402,16.2196761064059,2.10692710036883,4.60020625724945
12,25,859.040025861003,77.0792682388608,198.561242991594,15.638455627807,2.082458460908,4.6099438542011
13,1,784.332340783137,126.146001471563,240.010499995329,18.2190276259063,2.25240161497616,4.35999478336632
13,2,741.3071086502,133.176931636908,246.537480931494,17.6777587997965,2.17697222844984,4.46835917253538
13,3,678.265152431575,154.333371750025,252.067843202944,17.142359304829,2.14162137516939,4.65289709602285
13,4,768.13897019598,160.325232180656,221.619598963825,17.3224978336369,2.05014072502404,4.77545826847114
13,5,842.808998520893,160.140895575186,194.889172205607,17.6522361175512,2.1410639658841,4.77433277548639
13,6,855.964026574851,136.689413478769,190.327624712731,17.7904794943659,2.36518028158103,4.4200235369257
13,7,848.97271666933,121.374679152297,189.39207058817,17.5562824435462,2.62853272969192,4.24527825269149
13,8,774.435679123121,131.172376985428,181.178258897292,16.7272662552877,2.54341106093023,4.50168389979533
13,9,704.230068213282,121.162132652688,171.855637891015,15.6500979458706,2.36622589024801,4.76287811761265
13,10,766.051073099883,100.975351979951,166.773397438224,15.0384751161162,2.1574428824664,4.81987337005306
13,11,807.899006156475,76.1893927875991,165.69808313698,14.4706424049569,1.83681811889832,4.74895786648088
13,12,810.848637417626,69.214326615848,183.212479089634,14.1405973290107,1.65422750685737,4.66460791336199
13,13,822.892843063038,69.5222336594307,206.34442861559,13.6130265903912,1.35465263478307,4.55627130020004
13,14,857.34666718036,78.6357924284028,192.597854226008,13.1474687923742,1.05120267373994,4.38473119634612
13,15,845.995665853082,75.5837936325927,176.320738174258,12.4575653354558,1.00836422177857,4.2922067133133
13,16,756.809745845541,71.4513255120609,158.822039675608,11.7595919186905,1.23804800124897,4.41667762978352
13,17,583.13073500084,68.8895923355076,147.789025705229,11.1282989536288,1.62320649610128,4.66190675333958
13,18,636.971958562376,108.203629230267,185.13600387279,12.1308816669527,2.37231759619207,4.843443806947
13,19,685.022400391165,147.004687943013,240.96620845572,13.3368566133901,3.34344320786908,4.8916240406604
13,20,774.115337839039,131.045706545121,254.842014045313,14.7911650857483,3.4974620016262,4.6196047289944
13,21,818.529314197189,108.909666177881,270.260879068965,15.6659711808458,3.4593401266954,4.48525462679204
13,22,795.313485892919,120.587937262256,301.060151526874,15.8307514527625,2.99178107329615,4.56289089494008
13,23,744.130227727704,124.422510242037,333.74310546451,15.506918115685,2.53256057947545,4.72748242768588
13,24,768.639189229201,110.131837381116,262.114184445309,14.9806552848141,2.40244415654778,4.80066088246066
13,25,770.326758460871,93.8153354480077,213.982827979531,14.2200026073683,2.56700566594128,4.82182614706532
14,1,872.950134452752,107.83782990952,233.440711627879,19.6264686425959,2.04396181688079,4.42118932193679
14,2,808.17295808429,112.538048703104,235.523233304889,19.2602042777333,2.06792082703194,4.47304480540344
14,3,771.99896716957,131.342043258547,230.105485939324,18.7684760211505,1.98639160877179,4.62396522007957
14,4,812.53687220052,150.573322139488,213.919512365887,18.4612103657512,1.859026128883,4.73619242825601
14,5,871.893643270644,145.496222954172,197.961318319831,18.2991238015396,1.80976275493007,4.66785704577667
14,6,899.278763218638,122.27470610167,189.107078991218,18.2497482673365,2.03840161294389,4.4392522583983
14,7,899.121978313459,107.897792770961,181.492171099839,17.9751384659858,2.31846689268399,4.33597579264878
14,8,856.896030916842,122.605529648188,169.411281548644,17.3933033244729,2.199135111322,4.47638294919437
14,9,799.087947928852,133.377750343887,157.500887528741,16.5374255285197,1.9133358588259,4.6521987410246
14,10,790.735645037122,108.499367099668,151.064579613258,15.7294039723095,1.56032604939296,4.6432437319409
14,11,788.293674086723,73.4609418320703,149.438934679187,15.1257137848799,1.31591878957435,4.56726649540014
14,12,778.16553752473,66.5951931161887,159.573718848462,14.6932924846311,1.28329475802207,4.58409589395516
14,13,805.02367270998,76.146041076591,172.241630251172,14.2983890253752,1.24548577663199,4.556522685969
14,14,854.019303733629,94.5789788459268,174.659785589365,13.8847360939221,1.22523192374345,4.45339146379272
14,15,864.341417300795,101.155235176363,169.498276220506,13.2841224736093,1.33316780189729,4.37348546793001
14,16,775.9310483747,101.862024977377,160.863653086704,12.5291993519503,1.42734978473973,4.47566627636996
14,17,666.694334594981,100.645732534575,159.846141414317,11.9675450156317,1.51201536863185,4.67377087294935
14,18,667.394031396091,111.178394392525,184.528794507647,12.187195384134,1.79471179882852,4.7186689574459
14,19,708.120689843684,110.139081360703,219.34637299045,12.875977062012,2.18891624552218,4.6175975551474
14,20,763.196721431284,102.478026826595,237.878167450855,13.9930863156419,2.53239971192506,4.46551143441155
14,21,801.418237811928,114.048919552543,255.93026275322,14.9850080127996,2.80247084810958,4.39668939307975
14,22,798.319751418909,161.198763744903,281.671090194691,15.3441937494857,2.70588351748315,4.48881898749673
14,23,785.04124846086,194.837866297967,294.574324417797,15.179778397837,2.41314983638343,4.60448214092678
14,24,804.570378292788,155.630921853287,259.297148389269,14.6751997536202,2.2015068501475,4.63808647251068
14,25,823.130749206898,105.835783991524,224.496971868182,14.1420862969712,2.10501176917169,4.61446407129982
15,1,974.96041258587,83.5725696325536,219.145688617562,21.1761446685837,1.77925943424851,4.43401715243816
15,2,886.352196408911,100.162553061662,216.303421133671,21.1388334078514,1.9544965508213,4.41950739986823
15,3,858.221820731503,113.626120333171,207.310766062745,20.8694761413093,1.91317525754734,4.48413187425155
15,4,861.308639818374,136.531872166428,201.073546506177,20.2075395004679,1.81082848858652,4.57957056889834
15,5,904.441422607712,126.201232535132,194.582608849797,19.4479711825207,1.60946791591309,4.50691537612285
15,6,934.593286400856,114.775759084939,183.486812349707,19.2419883924935,1.85801620663639,4.4227867944348
15,7,961.80381192103,114.313741411425,171.960063400686,19.0508875386076,2.16555236059498,4.43047922982261
15,8,968.752809531268,139.763122387503,158.437221780466,18.7188778249745,2.10605351892888,4.5437974565757
15,9,897.153534800216,165.886045360067,145.946022432911,18.1233927236779,1.8676769971028,4.67660713958867
15,10,835.093467658625,116.369613673814,141.423643355835,17.2286353048839,1.49110287116025,4.53611016309513
15,11,788.82976805303,64.9669435182928,136.09905856467,16.5237970139536,1.22527594608619,4.4094290753465
15,12,752.53731405262,73.5858008924498,140.128289399176,15.9839013587286,1.29088714358386,4.55917641197909
15,13,796.995264300226,99.321187073599,145.502079806431,15.6941166061582,1.39083022856374,4.63450800849133
15,14,882.496416724926,144.637341786145,158.9284089151,15.586318979426,1.65862641654854,4.56839007814964
15,15,957.420505207475,163.801670516763,165.178920083923,15.3250981142118,1.80415382162062,4.43022364870671
15,16,862.97568787261,167.014575731881,164.804445730303,14.6378025771402,1.66752696619793,4.49423705324902
15,17,774.668825999267,144.283801166808,166.226025553746,13.9772640774649,1.38259262820156,4.60764007132464
15,18,742.818449341483,109.655525983134,178.628614155474,13.239269387676,1.27829501740917,4.52991511519899
15,19,751.067914349246,78.1273435904332,194.440657886093,13.1212217358444,1.18651509149583,4.34233700231763
15,20,771.707448862538,84.1944686868502,206.096272463431,13.8392911958517,1.51539331848583,4.34502298067547
15,21,805.67781767277,123.861077250832,223.108652988402,14.8989188984593,1.95050812094132,4.30802854309473
15,22,830.518749551634,211.652915220438,247.897932239423,15.4503817699728,2.14565292027398,4.36291911426586
15,23,853.588839050719,262.405136686529,263.132217663727,15.5100220438206,2.0906569348445,4.37349539131078
15,24,879.909352739825,180.704405145342,245.264900039183,14.9308160453911,1.80819531296792,4.34517105041288
15,25,910.467516516577,100.513864779541,221.711090479123,14.3043463984517,1.50699046779864,4.3050871433377
16,1,921.59621975576,113.289998247844,198.1844228288,21.8907711188042,1.97464248087908,4.44386950488662
16,2,881.088279278309,145.71002527072,194.093714168022,22.6405820684669,2.23253276605701,4.44984592998438
16,3,859.921477138836,179.059388079898,188.73519041121,22.9986860522231,2.37441758963554,4.47457430380228
16,4,863.296553565513,183.454948476215,185.549115528125,22.2901518402843,2.20142449446805,4.5047201807815
16,5,888.865911200062,162.959665203403,180.939498197093,21.2332634982229,1.93963137598206,4.50297084637868
16,6,941.107341789301,141.541279850418,171.924872727066,20.5867361819653,1.93194353866832,4.50059315662741
16,7,1017.71288429032,154.986280462884,159.614702517215,20.3805495912334,2.06611768047954,4.60072942095753
16,8,1064.76923464552,182.323611645428,150.363831804493,20.2238316684488,2.03268211133043,4.7009452643646
16,9,946.887319612444,197.775317330822,147.171083265827,19.5944730756966,1.96502871494136,4.6563932432723
16,10,874.576931403454,148.947966029373,142.018369728849,18.8169861244668,1.80001666984277,4.50542225816719
16,11,841.773341263282,104.331870660627,139.182953894953,18.1221189542212,1.65311861783564,4.44757880717227
16,12,801.147361384602,119.210502059409,143.13032127167,17.6501850045222,1.7210087512163,4.67398141500952
16,13,804.181912866836,185.469471036295,150.982047045889,17.5548758063046,1.86205039417539,4.88741306687626
16,14,859.089688086582,252.443607220758,155.946775828074,17.8929305612654,2.03898834473231,4.87046961969642
16,15,901.189177337663,287.245176954387,160.192219353411,18.0686589971804,2.1880434494071,4.72439607558712
16,16,880.419864860842,265.245954348337,166.236640039764,17.2326127851925,2.0410810257851,4.63983543687212
16,17,833.516987997091,199.357185205824,170.903318262604,16.0268512795025,1.63154704984219,4.61332178940406
16,18,779.735990587478,124.678098658947,169.558266654188,14.5116318380532,1.0791077738406,4.55805240594495
16,19,749.613817150863,84.8882072746594,169.274376657423,13.7559591693719,0.758925359985394,4.51494049214075
16,20,765.222744627583,91.841685360851,174.500426947039,14.2811144063018,0.929969626241059,4.56649580944037
16,21,789.180173325193,146.664158449788,183.143036219546,15.1927820490076,1.30496983574324,4.66285402218932
16,22,870.851721963335,248.145778682546,223.861500984433,16.0871904389206,1.73562780966912,4.48060994799002
16,23,923.908362137124,270.01253365035,252.661966862777,16.2198768600857,1.82601330904402,4.30339370621673
16,24,916.768322384208,188.584798802526,235.307887392325,15.4189675110064,1.51183108991657,4.2305063309597
16,25,897.631565994482,120.031152198152,213.062099273171,14.4977508296916,1.26882270246123,4.24739141287306
17,1,859.733373741963,162.915255716682,179.227298005507,21.9559506382615,2.16833389205477,4.50063705281579
17,2,861.886560985287,226.700980606094,175.038565593653,23.5397992949059,2.60614402588701,4.56659991446839
17,3,851.19400373788,297.346589878845,170.779638604561,24.7382128861279,3.00247485802971,4.60922831063555
17,4,865.32629476214,268.626472377193,171.054561106537,23.7711332777355,2.60851986174365,4.58851750407002
17,5,872.659510719988,219.262388628084,168.115845136547,22.2662079702182,2.17048739037769,4.63027986538925
17,6,938.425451129643,175.906994813176,162.009453445637,21.2936733413388,1.90561967067592,4.67636751138674
17,7,999.706483317248,179.573702434049,152.36651003308,20.7785265643954,1.90427712165258,4.76246901943752
17,8,1004.42221787289,223.602605790668,148.907987519278,20.6671891948301,1.88818475015919,4.84151547873558
17,9,900.591528580304,258.437425849825,148.333462833483,20.5632687998856,1.92519554703711,4.74113690610594
17,10,891.99048135707,196.999295930954,138.655967237584,20.0335971937613,1.83428477701262,4.59810041043146
17,11,901.341223633586,146.396421452149,135.887766276128,19.4471327909554,1.80246449385928,4.58272647402818
17,12,845.636758076893,169.770741414902,142.25025667236,19.181955910551,1.78530453585769,4.90850415341461
17,13,808.456470971693,254.788341868549,157.52332202681,19.2602851490398,1.92080614636126,5.24587026696209
17,14,848.376812386963,307.977753496497,150.523597878529,20.2802207182893,1.83325414706703,5.2058853484163
17,15,869.09957536459,360.038393365701,150.050867640065,21.3196031784104,2.07357327260078,4.97299278519381
17,16,892.1133523574,305.516390668745,162.538552047697,19.8388118979701,2.09804790708101,4.76070805747787
17,17,875.331179909972,229.54818080143,172.381888558751,18.0897115372605,1.84078826081463,4.67669741388415
17,18,802.0846709829,135.464460623861,159.150926560044,15.9823697145885,0.975761126048257,4.66573326806401
17,19,740.17116796583,93.700160675862,150.710784351735,14.7723046583723,0.530577287708628,4.76183792377372
17,20,789.738794250714,120.766482455139,162.027195734827,15.6768430207912,0.695006976846053,4.81843228893848
17,21,869.645590069242,208.85570235824,175.942991314019,16.9396545178218,1.16312744286702,4.8518961560441
17,22,930.150949373271,262.648490855389,220.28778273328,17.6375149458279,1.62219011484327,4.62154648479084
17,23,989.053942657433,241.911914758835,257.473235576715,17.381503337839,1.67919025527084,4.40969793359039
17,24,914.868044740348,162.199382267726,221.991197005901,15.8060661165448,1.27730954474497,4.3620371430323
17,25,848.76098168995,113.989690052762,192.119590197151,14.4550960086632,1.03968557846267,4.39228353314667
18,1,895.938509637132,216.493018302566,171.885250240111,22.2844896780094,2.15105955896044,4.66396076265142
18,2,910.938692516812,269.248267536617,164.343369384956,23.710883722682,2.55254882651636,4.7218196782642
18,3,928.207799145502,315.124641778147,159.500602421967,24.5648443138968,2.72828055929375,4.74905719526212
18,4,930.992763399483,292.151142228638,161.417701246675,23.9341424482642,2.37620065215563,4.72540612598236
18,5,941.72522156246,231.015174956647,161.660153888911,22.6739071167669,1.86982819804259,4.73978439718305
18,6,981.502926827666,172.114781607644,157.626807319357,21.3168339102649,1.46600893331646,4.80847972379035
18,7,1015.2336321028,155.862261703547,152.235903615214,20.2730052546641,1.31461213146367,4.88626987793588
18,8,992.405639972942,184.00884351595,147.354186810816,20.0704860329907,1.34433709922673,4.92073836558213
18,9,939.963472269723,223.07606937251,137.037447535,20.2040591549945,1.30073665132851,4.86507517385948
18,10,913.14474228143,209.401307205784,120.632049737915,20.3477575355496,1.2201544423885,4.77266347467124
18,11,895.1955981138,177.864645354475,110.198888345103,20.3545845329639,1.09641818350465,4.78844665198702
18,12,876.898367347102,174.402357008532,119.297791448193,20.4560166708248,1.04821090915924,5.02733953838878
18,13,866.756544436143,191.102285546496,137.789438794683,20.8622413706915,1.01932468025251,5.27472490692524
18,14,911.083912566235,208.136779486994,141.678069277121,21.7787936189325,1.04509146883866,5.22324648198546
18,15,973.85751053103,238.722001599636,136.96134925445,22.3247962912782,1.25853990649696,4.89559265758795
18,16,951.205197852478,229.164056406458,152.232548459566,21.3124170797703,1.45237481536851,4.66287039557465
18,17,897.157611032774,186.532511604911,159.114379543311,19.5168424733235,1.2909798587957,4.57771665882019
18,18,845.640508054027,129.50991578992,148.589658978734,17.7910673954124,0.825491453349353,4.64902660139605
18,19,820.78448544663,117.581415516385,153.374266478927,17.2494800399562,0.557866650166387,4.86000263627669
18,20,822.60214357416,130.503175276782,169.341147356501,18.0923136835657,0.684918971634949,4.94515307555274
18,21,878.197908680918,190.851586034726,186.223974291079,19.1183790195685,1.09980905085509,4.9300523476475
18,22,917.213066620884,216.946806453035,209.096626365662,19.1708265017676,1.41554985660293,4.72195211904173
18,23,918.987345386606,170.539538801042,215.811754759588,17.8272922727086,1.31107493525586,4.65377301945538
18,24,859.845795251486,113.171653156687,197.004554317599,15.8633827345979,0.999079928150356,4.61932342312709
18,25,795.851432616234,89.7447842050329,181.053565854829,14.3095266141377,0.84904190361269,4.59518554259602
19,1,940.920015415854,243.277937844877,166.30628696841,22.2432976738284,1.95723797554579,4.80960335385586
19,2,970.660347387803,275.088001269709,159.358190113889,23.2140402347991,2.16902405962881,4.84842432811589
19,3,1015.70865725699,280.927345792903,151.96851203054,23.7175625686768,2.09747088748701,4.82765436072165
19,4,999.630314505164,247.411396491035,157.167436153229,23.3511179971709,1.79160974768245,4.80698824289625
19,5,1009.72951009421,189.828210969609,157.694576624236,22.4936290748679,1.3174933959731,4.79251057356727
19,6,1029.79237254507,133.116978833978,155.977031666693,21.0385677312033,0.934009759304349,4.86553326899854
19,7,1061.42962169075,118.422467660487,154.706640287062,19.6829084902429,0.758083600882989,4.94855931992183
19,8,1021.72152577527,150.999034838379,150.699896391067,19.5111846255423,0.790069153968222,4.95772353311898
19,9,993.507151311048,178.048025049294,132.107172126656,19.6226082100814,0.707795375295528,4.97703282583751
19,10,948.715069029017,183.883087996065,108.382193231277,20.1170894263342,0.672506835923896,4.89061781875551
19,11,910.137774797469,174.828993598344,86.3595634371552,20.6833062436339,0.594052364008146,4.92377223371982
19,12,919.576923743572,156.91187909063,100.464153038135,21.408583114296,0.497358926955875,4.92293361948231
19,13,940.815171738502,142.101962279713,113.827305124779,22.0166098466566,0.410532917995123,4.99338876685512
19,14,1002.23079708059,143.024959425448,128.308630298067,22.8812634528607,0.538752466448306,4.88406057686231
19,15,1103.40929674558,144.061496160959,125.783778271617,23.1128829603585,0.680333765907555,4.60919084912522
19,16,1008.03281339626,160.669842820922,146.228828716014,22.6651500763024,0.90454563347244,4.51711926834919
19,17,917.751824831955,166.163569907106,164.600732861295,21.5361104277266,0.877574916616048,4.5466565821606
19,18,887.28649541667,163.768282411803,156.371193355893,20.3243336134482,0.725415475381042,4.73425335678847
19,19,895.338040875502,179.319939023895,158.483248775611,20.078924604285,0.558494281718716,4.94045099364032
19,20,875.626389101815,192.872758135974,173.935195607947,21.1101570348088,0.730974345415419,4.97220390467798
19,21,899.01876878024,207.798939697408,187.173309415731,21.7890969066722,1.07611873498313,4.9178977701275
19,22,885.744627618139,174.446364532959,189.781672272504,20.6139641407456,1.1491461929535,4.77654127436964
19,23,855.324580707408,116.175280764813,182.033139533002,18.4497356554507,0.949576048320838,4.8227136715267
19,24,830.949637929438,92.6774774433738,182.291509433769,16.5230454328989,0.784724103234995,4.82538260135472
19,25,798.528034653384,84.072799483032,178.727852358118,14.9633569626384,0.680805328000096,4.82790807736509
20,1,953.590657460877,243.721041025008,163.721411837365,21.4870397076605,1.81409388204354,4.76753282442718
20,2,979.305909190132,272.957125246559,163.066136974812,22.1523914081552,1.81678972427359,4.84825525847928
20,3,1004.57251687893,257.423620511177,163.499061165204,22.5026039268511,1.68240010255985,4.86418289487741
20,4,1004.10229033125,187.886399829106,162.096673867196,22.3817555299938,1.33112651849944,4.83125462501819
20,5,1006.61491715429,130.412778481097,159.012906654527,21.8441918515151,0.937909709134573,4.79552900582176
20,6,1007.79741523309,123.24702984706,160.30329090369,20.9296312945357,0.727924222001226,4.80860477457948
20,7,1006.58997827022,140.550737843472,167.166270101926,20.0392780986323,0.648968076114,4.77038241241048
20,8,1007.7447750614,152.256173345063,169.148235157962,19.7431822799406,0.607695935754106,4.75135380512034
20,9,1021.21141565838,156.78628829152,150.735495172763,19.8549392753031,0.568544839785932,4.94169843679797
20,10,990.709082757427,154.098530161932,124.905868914094,20.2618102934311,0.502049250820097,4.83440217330638
20,11,971.57608598696,157.234295956735,108.041971970068,21.1110506930164,0.410389516795989,4.69112794288329
20,12,980.654261340903,164.487998366802,113.515469209329,22.2267120648627,0.35503768679305,4.6148686916593
20,13,986.007817660798,169.443549391557,123.721262960697,23.220927497625,0.350249828571887,4.58581160491568
20,14,1007.10808063166,172.664313449564,127.945918228912,24.2995371304982,0.432542987192623,4.56727887971422
20,15,1026.78380836329,166.919892912975,129.326665309406,24.7789109397504,0.608246743852346,4.48448984672343
20,16,979.150268897724,156.80933800681,144.51160161738,24.4480604908891,0.757827165711154,4.51567867766211
20,17,919.801473133145,175.310698346217,162.091332831359,23.8167462092044,0.81017021639354,4.69607802737602
20,18,886.75188146904,236.393857016714,166.4538510211,23.5462416910935,0.79746528906316,4.92975365567366
20,19,876.526086085237,307.135690415276,167.981989992325,23.9224501122663,0.745975998551267,5.08939031944737
20,20,888.307586002148,296.823449667329,175.562584380099,24.6612050166667,0.829660391206471,4.95621913845489
20,21,900.297069563303,233.002201659932,183.469362724488,24.5608723214673,1.09336957945462,4.71780626362646
20,22,865.211009840268,174.485580291886,184.796832763474,22.8732685232704,1.16879426152609,4.61798858398525
20,23,824.988989724939,143.800609467916,184.449221890008,20.535860573781,1.01255094708768,4.67801884532627
20,24,868.367728564818,127.07585298023,193.906569867488,18.6939139111129,0.855887406255654,4.79055688429056
20,25,921.451752210641,127.589650677452,207.094122767109,17.3915627128213,0.756943759283766,4.83761469665088
21,1,952.357538934872,236.160437272687,158.728614914102,20.4812826901775,1.65054385441035,4.6518565576701
21,2,975.836624463,266.554522505031,168.171447903106,21.0086067859467,1.60607565434892,4.7651970889066
21,3,991.118312637081,242.422941916485,177.559719233902,21.4167606696365,1.52935381295584,4.85905052472133
21,4,986.923610290762,151.333231913034,168.129442549736,21.342993020867,1.18763415544564,4.78520867092906
21,5,978.421081599747,104.6387239407,161.763479292009,21.0801632898693,0.864801748530142,4.6892979473682
21,6,967.49634632229,159.943074984047,163.16437772852,20.7241109583704,0.783899404895875,4.77693734244276
21,7,951.573320867359,219.507117136208,170.237276421174,20.3499209906669,0.736919365259176,4.87678549687149
21,8,981.869665225954,189.06904375849,178.210339027154,19.9869024797035,0.699714584639378,4.83543468865362
21,9,1038.62039971444,162.113081608405,173.927763013114,20.1108157502489,0.691436198425442,4.9683414309462
21,10,1013.13160880346,152.499813491932,149.281252079216,20.4825373125536,0.646441188333484,4.74631608309979
21,11,1021.44298572314,158.296655347894,135.372517105772,21.4347536909875,0.478730003706254,4.47205029147316
21,12,1037.44646842883,193.761284297143,137.809274393996,22.7206940128039,0.443071630053601,4.38727675290677
21,13,1005.06346929184,220.01123793613,146.272849010849,23.8441927057218,0.450942910653911,4.32676622787934
21,14,975.596379251999,233.314110559064,137.723155350578,25.3276154496085,0.50461610476189,4.40580305570202
21,15,948.471865766174,231.818901988259,130.467796941276,26.4587917916762,0.673410668094132,4.46423307043611
21,16,932.122238723233,180.936459463334,142.684179575858,26.0339763070557,0.739845509023482,4.56521274363023
21,17,906.279535524166,173.634162578306,159.584826914317,25.5878580282947,0.808394202724317,4.82891256731359
21,18,875.829906036957,265.778008758943,171.686285816947,26.4269118255196,0.9087763912673,5.05898194971917
21,19,849.098663560081,401.774754666715,178.572025726277,27.5038373998651,0.983532025789655,5.21455768667997
21,20,893.63897907669,355.552492094223,179.980458387689,28.102799477103,1.0113317240509,4.94716976013615
21,21,926.467766714623,269.02052628528,182.489567812501,27.5808780447791,1.23111311819073,4.57691527655607
21,22,888.186273775198,226.696834027077,184.948603814496,25.7006283149344,1.38126066921073,4.49481251067144
21,23,806.44268008081,242.40763978984,188.638953874861,23.501961107889,1.30529342475072,4.54442690748126
21,24,919.500543668111,229.272618804872,206.425837195116,21.8144977638828,1.16454448075209,4.69106555061299
21,25,1050.14613285008,198.993419512538,232.752126458491,20.3626294137953,0.97606597391854,4.74554838726647
22,1,977.313763089678,226.225143785284,165.326870321971,19.4922471775624,1.47956258677946,4.66863169561651
22,2,987.425881463832,234.141333353333,168.489701272813,19.933432421282,1.42942226860956,4.6689364891478
22,3,996.390751577716,197.028461639867,170.746904220664,20.3279719018845,1.39205932026915,4.67540801743006
22,4,983.526475138527,138.23677988622,164.193210688656,20.4182055168727,1.31816825263482,4.71400437207649
22,5,956.794450597679,149.024984259781,159.880303840373,20.4012689568578,1.17335306311145,4.74523484276657
22,6,956.527055344757,231.334868034054,160.269975349544,20.3301947021163,1.00410690056112,4.78227098613141
22,7,956.50569428388,278.524645626172,163.346720587129,20.0921190276198,0.884054699188564,4.84604233577801
22,8,924.464331239933,220.452290213206,170.725979646873,19.6341054683369,0.86016527025137,4.88797275130701
22,9,916.937649032434,173.703006862815,171.087766198096,19.566731891155,0.932801947913104,4.89966917325347
22,10,990.953791250168,207.224407125243,158.229197377712,20.4424150790162,1.06145865279861,4.73358497019069
22,11,1051.5658522006,243.102977057198,148.353026593655,21.8216463243465,0.99334443656674,4.52532664348185
22,12,1040.97960613978,221.717658165443,150.339251180612,23.0744904417048,0.778754317595114,4.40638169642769
22,13,991.64505344136,203.073266218003,153.448161647029,24.1606650317599,0.60443155404449,4.39173460765431
22,14,954.35140906675,223.851127794557,145.350663345815,25.3871565203739,0.546038877148849,4.42988952887652
22,15,926.150892348267,222.164100676178,137.043776488959,26.422209302311,0.582955628866725,4.46166961039526
22,16,909.907725040883,175.545734253443,141.82465909874,26.7825938816638,0.676668920323257,4.53406312114623
22,17,902.19864877505,156.807911834156,153.340627556382,27.4152653440353,0.754451448516519,4.69111490924111
22,18,896.001452276767,212.064575467998,173.442389245345,28.7309326538366,0.896675039757776,4.93918732002425
22,19,904.7318131071,289.296162280506,189.249344040059,30.1556309366241,0.986711743432625,5.03932279490354
22,20,933.043882954611,286.677193806006,186.192044104857,30.9164284815057,1.03801548742178,4.86865114307107
22,21,963.943992543666,270.187832651552,179.843409808438,30.8464762414635,1.20025894030257,4.6460550642259
22,22,959.15770868655,297.24264661122,181.212550072396,29.2494227073275,1.73069452801483,4.56079143931542
22,23,919.817974875709,390.388916350398,185.98754174384,27.6103823596925,2.10428749354751,4.64788611452324
22,24,955.874694157083,372.680451476375,199.647926754005,25.495097766316,1.74925615020837,4.72857313268602
22,25,1002.93509263273,282.371437795097,215.153217223977,23.4819906294219,1.28316381007191,4.71356962387779
23,1,1010.03545455066,201.740942939257,169.136048476926,18.9428721163969,1.30258303293575,4.70157493451371
23,2,1019.18775340482,199.693301881523,166.790036665988,19.5422986252433,1.31139693389254,4.60304695008967
23,3,1023.8554635063,177.336379188406,161.619386101111,19.9273478096557,1.30727043106181,4.53773751867208
23,4,1003.89051747592,147.300616782661,156.787574094473,20.087950880524,1.46567485247329,4.6524222430072
23,5,941.20547040823,203.123843856742,155.908279013229,20.1629051170454,1.49111382405741,4.81030651711152
23,6,961.221122935965,299.243436016856,157.570092946316,20.1887558526206,1.15624998636555,4.79624752416666
23,7,985.810266048476,314.165201276237,156.531683609659,19.9594013280634,0.913294387552664,4.76066084763996
23,8,883.121825313556,210.406701428061,165.429098409627,19.4458208742099,0.870043344249938,4.85124261530573
23,9,805.674558878664,168.013433487772,167.79636458325,19.1699058761909,0.962188705755518,4.88718842938355
23,10,1015.23434372255,291.865610518383,160.139688676255,20.6178371983532,1.33765731119095,4.75595880426464
23,11,1097.49370805575,341.832872389258,151.735206034433,22.3328462632999,1.48428231727791,4.61789958067199
23,12,1048.56501207374,225.639786511419,157.48610739221,23.3194546821999,1.01746803505879,4.5299650191188
23,13,983.245717228846,138.034755832075,161.474743534196,24.3590853205327,0.64349600946275,4.55051537285543
23,14,950.540605031028,164.417380887374,154.666679836567,25.2553759631281,0.518337347479962,4.50453052044713
23,15,918.075809273756,180.996666233195,143.654932161469,25.9339897551154,0.490263025514833,4.46452425662736
23,16,896.340977160331,165.823152640137,146.165865077985,26.9008127729697,0.631042405437945,4.52442905915129
23,17,877.162617663783,140.721993264788,150.518678774715,28.3024965173892,0.727871429542055,4.61777665741154
23,18,910.271423479762,165.049164012822,177.10854995573,30.156090831932,0.856186963724934,4.79091250414421
23,19,949.995301656823,181.672674383377,200.70486418986,32.0870587944577,0.900065533857254,4.83341760141277
23,20,951.534455533552,185.811242844233,188.935037010455,32.6944298076826,0.90550150393631,4.7613954222869
23,21,965.879406472878,215.761838793821,173.696263329856,32.8673640677239,1.03152420277008,4.71799917459898
23,22,949.409054994406,340.632597292524,172.143678910517,32.2322390475612,1.86501154473673,4.7381305395972
23,23,953.677356274194,518.552798859252,174.863069419945,31.4686706033919,2.87493398157672,4.88897846592228
23,24,981.86861015999,438.381757465345,190.571335831911,28.6510869530935,2.06516024968881,4.87058615272147
23,25,968.067663182596,296.065168867705,196.711194342634,26.1537399870906,1.3358124940062,4.7409754859146
24,1,1077.24738317091,175.228697252809,175.041930878487,19.7784883260659,1.27590721018245,4.65874592407233
24,2,1090.01030005155,184.30822149216,167.588525403972,20.4805622713101,1.3943643839703,4.59224265512835
24,3,1093.1666793967,198.353414095621,160.318988591175,21.0745432342116,1.55752941967649,4.59895036518534
24,4,1046.92559770638,202.749378813166,157.818422379601,21.0516831376171,1.63007284591383,4.68135558323122
24,5,984.486165091583,242.498503501399,159.500249129546,20.7833461064032,1.50806868132062,4.77273818160013
24,6,973.715293661623,290.178320107858,162.017692741481,20.4715566583103,1.08466098158822,4.79761055206757
24,7,971.123703832277,253.249046132106,165.787241490608,20.1679314468929,0.757679611545887,4.76464586752808
24,8,921.141044652481,181.461001541247,170.784815589368,20.2424592032196,0.680087159852243,4.77718436485318
24,9,932.139502567605,192.645167558283,171.40944900711,20.6815033759367,0.778656506845781,4.78085620599023
24,10,1054.18665095856,314.317302037017,168.219731322274,21.3633864645282,1.09345341441565,4.74627490667714
24,11,1044.74611811667,281.559818034677,164.094636670756,22.133583290766,1.15798296309558,4.71545686658865
24,12,1052.52360382715,182.438206332945,169.266932878656,23.1652319971402,0.950416051132879,4.63192702060743
24,13,1045.63711925385,108.780244597552,176.066997313351,24.231201799051,0.741144129087117,4.5792459914642
24,14,986.062883785264,132.013193412255,170.170259958365,25.0006879901781,0.670237351803695,4.56804523050894
24,15,928.282082697309,163.481750581002,162.508217757487,25.4750691208329,0.778051971177792,4.59545856663381
24,16,913.897020177442,178.946172819985,166.996099666236,26.6443086960613,0.863091394008504,4.63332425305006
24,17,913.032435990531,170.115404711947,177.060955940484,28.3621008267569,0.921698894248147,4.69055319664476
24,18,916.486577815658,167.804019767437,185.934765710195,30.3502650618652,0.899974828596497,4.74866402936635
24,19,915.472015551034,145.236819635719,190.772938329507,32.0920050070485,0.789909615115691,4.72541592216297
24,20,908.17766111107,120.458555729285,185.966110393447,32.9310659932048,0.73461003719385,4.62063934836898
24,21,895.025296876708,138.267431869392,176.61734438971,33.0007880325606,0.857517811456835,4.58712351572934
24,22,879.590684404723,242.122958627664,167.431318356021,32.4064502108009,1.38064314464864,4.74876694579111
24,23,886.139978116154,348.608132005212,166.777307319505,31.3152165114741,1.91861480424345,4.94637785501125
24,24,958.540050537007,328.6857261683,188.160629574472,29.6871265238346,1.64431743845378,4.93630699324366
24,25,956.440586624709,229.759655644262,202.648635051828,27.8488324887311,1.29316747861013,4.77583675619557
25,1,1141.54867953872,155.938619353136,178.674529523111,21.1037090116938,1.29911055158117,4.63568681693614
25,2,1164.1011797067,193.12796461815,166.985277846511,22.083242494543,1.50235351728568,4.6227057123072
25,3,1185.7782857689,234.948035769528,157.202084607324,23.0090674792577,1.78009748993546,4.66786934215523
25,4,1104.45663933689,249.188167689233,158.141792264914,22.6762255493348,1.70927420183797,4.75020727893844
25,5,1021.5131058867,258.025418045557,162.676019220248,22.0432779319756,1.45055345494826,4.80803261699181
25,6,996.438778773081,250.419826665618,165.683316131696,21.4204736682633,0.950687061267064,4.79290964657679
25,7,981.369247403661,199.962916452448,173.814245783216,21.0237240329385,0.556834458955051,4.73300656016975
25,8,960.26776631556,156.793768697861,176.617223600727,21.7240303093891,0.466836522671277,4.71994416771368
25,9,919.134707249032,129.473960863339,175.034397126056,22.6065114192126,0.440786358851131,4.75684833025611
25,10,935.99417711932,210.547366402601,177.490121916398,22.4256588081331,0.649381465004475,4.82197526680697
25,11,957.032703646326,179.005937148443,170.884202554719,22.361300720401,0.74880175153818,4.80221717217864
25,12,1055.05123826288,128.117734655009,176.992129067329,23.3470188171547,0.821585090615359,4.67528055838192
25,13,1129.52841230793,84.9022585688553,188.914995868796,24.2663046573078,0.869569224460861,4.56173400769843
25,14,1033.68060629671,125.37385742178,179.669421049442,24.8085863583497,1.0078300618427,4.64368031588341
25,15,938.819948754065,165.601845315025,175.286947230951,25.0655210002151,1.314796110705,4.7625230121621
25,16,948.711562958146,196.106755518924,186.189459976494,26.472448054525,1.25036935673452,4.78973788131689
25,17,968.576904375576,209.788796694985,204.852043940454,28.3379398831465,1.14030204315868,4.80922979866825
25,18,932.198801217862,197.966257317824,192.042122905737,30.1238536025554,0.992897368317792,4.80127743428663
25,19,883.307390445974,148.947623007298,180.97916373428,31.6512678459636,0.72848063124983,4.7176421940048
25,20,872.005697450007,102.006546662481,181.353316106748,32.6535447512835,0.564667122540296,4.51955101175288
25,21,840.119840979292,83.4075889755745,179.086424973286,32.6602718372205,0.565809832036691,4.40062446341338
25,22,819.995489141802,144.403320827095,164.111577773128,31.679279648738,0.862445873407829,4.64966543567771
25,23,788.207779096606,191.539615875194,154.217046052907,30.1801509699691,1.1483157304112,4.90937515171151
25,24,868.488504742177,191.798448392471,177.702748350663,29.8628067560221,1.2851376467331,4.89551963185909
25,25,905.09329052713,144.643283333436,201.345843226257,29.1715443056114,1.2189606667532,4.73009565096053
