x,y,Al,Ca,Fe,K,Mg,Mn,P,Zn,pH
1,1,206.343919931305,249.044289271539,113.664582055725,74.4016561144966,37.7451948125718,10.8053590233456,0.397543455993513,0.465439652879789,5.62480630407593
1,2,212.007714432743,225.691320302863,113.955527030317,71.5103583681899,36.4544099759834,9.99205370791603,0.812716211820509,0.448321224076882,5.65420265020596
1,3,225.852851361862,185.68587466278,116.95268190766,69.861619637368,35.2623837539676,8.35520366386449,1.12691510463982,0.417731158716617,5.57822868884815
1,4,231.813762830009,121.840534305753,113.192709103974,67.69047820944,33.2126857942,6.2878063671287,0.106429430115572,0.34032355059868,5.46988749556391
1,5,221.717830988904,78.2935600382357,102.637238266109,65.1359861436034,31.4982084387159,4.35529435153188,0.00248968779244519,0.231204598666837,5.35747235644728
1,6,201.01757001147,80.2687366496911,94.6926540636078,63.3028461343511,30.7726314859698,3.81406043566977,0.000858940104519092,0.185460486884896,5.41569973573636
1,7,176.806637466486,110.165275561789,92.499730806709,62.3935566120093,32.2426655689468,4.43369390212488,0.00369757259862838,0.191269515672298,5.61645748110569
1,8,163.578461534274,180.117550207718,98.134138874265,61.1533288153854,37.2927054864379,6.548229976604,0.187846117977449,0.24895912289338,5.72497364350236
1,9,164.354118460641,309.078886233996,108.471764349432,59.6843236245689,43.5531954348703,10.4660330051699,0.519463493278188,0.418362891809408,5.74224576322998
1,10,175.314805638885,336.833351778584,109.992683941757,58.4465985918362,43.5176154967135,12.3630949420486,0.105194874717185,0.487244517715827,5.72512599587609
1,11,192.439263009715,249.211469854289,106.479482743975,57.4760106587191,36.408666975172,9.5340190355215,0.0022128121460078,0.356845253354076,5.68915611578943
1,12,203.506366377955,165.434743682751,105.281133504882,54.3138162737416,28.0423793419884,5.65211819556737,0.000221651751566993,0.278566511588133,5.48298874982614
1,13,201.106299408156,93.6681754671708,101.342013500055,49.9404093059239,21.3191945697867,3.48846719457482,0.00015046961557342,0.225680205883832,5.18267790233746
1,14,185.760101504414,72.2322800208837,95.3223724539485,47.2491583035511,18.9765189319764,3.67752372963683,0.000184230570410414,0.20214029397818,5.15290693226794
1,15,172.418577387206,96.3690685158889,93.1251583141342,46.0788784034335,19.2633700002225,5.5744721918292,0.000161936522601106,0.220155437652092,5.28636887546753
1,16,164.311683577079,108.787379812925,97.5564697048196,46.2808913643564,20.987778214808,6.3305562642996,0.00068800852770932,0.241111966173372,5.31361902689406
1,17,164.817550494767,103.663068658889,107.570744284204,47.2972826870482,21.7071110627779,4.91994969037213,0.026176062054373,0.27124483009334,5.18393339126735
1,18,174.097045352105,85.6154667144823,110.794433748849,48.0194797715833,18.8624475711006,3.47282586709034,0.176086518178373,0.292586116375317,5.01889892140579
1,19,184.142959280055,55.3327836962965,108.703891320056,47.9676791538523,14.5167839598095,2.90401658251372,0.282771540953881,0.304675098475855,4.82582595443939
1,20,191.042838716122,43.4938382819601,106.478115733174,49.1147583845782,12.8796187954943,2.92453640642096,0.159485010823079,0.308609034387988,4.77315626124776
2,1,198.20062633905,264.732897968297,102.87859315028,78.2572718485155,34.6178954705446,11.3430918002753,0.0658871437372473,0.476606807313143,5.65483820744405
2,2,202.10940258952,253.98545486073,99.133169388631,75.9978203437591,33.9332323589545,10.206361182528,0.0946141050780962,0.454915362443655,5.67387715307496
2,3,215.643296494023,207.111190201165,102.559061359454,75.5569912967913,34.30028218367,8.66400755965547,0.0842385359935642,0.43325236798102,5.5895099667394
2,4,223.920309939253,112.122134676678,102.593049726326,74.3008190501068,31.0816751956203,6.37304370855315,0.00220653884128281,0.364244346187678,5.46307415855096
2,5,214.22117821249,81.4796752211189,95.316891046246,72.68046088133,30.1590174040095,4.31501356993348,0.000165232832427538,0.257869940366425,5.38996680379537
2,6,194.064545235027,91.5059058758594,87.4745058978711,71.4799995053907,29.4641893154388,3.88565868417641,0.000143160276015192,0.21597470632173,5.48938109234138
2,7,175.07796920794,115.188438397786,84.9250919646738,70.4594782973761,30.5302143472133,4.66297873651109,0.000189197732163573,0.23012678988076,5.69387136089782
2,8,163.461707837291,174.479522131903,92.5493326113404,68.3238858634445,35.093748337807,6.46038264101466,0.00521988611821393,0.290141451715019,5.77606957562262
2,9,164.10415637876,294.101796358632,104.768426788856,65.4894719114336,39.9023366581124,9.7183511015362,0.0615812200891184,0.450370125094455,5.7524608341203
2,10,174.700588832135,297.132544205457,111.798665973715,62.6925570525403,40.2123896611356,11.2852699244657,0.0204689155301018,0.507631779196615,5.69233810523454
2,11,189.365052097844,212.39337262466,109.954811895095,60.5223095823683,33.9599178152001,8.66735543550527,0.000732444879844037,0.375115905331897,5.64088096902528
2,12,196.196278065111,156.256533502164,107.275117789479,56.7855326733299,27.2955333661161,5.42862245701288,0.000167724188447415,0.30031120022107,5.49109074841197
2,13,185.52554642935,94.869460102304,100.194094343831,52.0312899781771,21.390771308941,3.3256576412134,0.000402203158538863,0.239617253756859,5.23599462550015
2,14,165.969641061883,67.4505837899227,89.3433991081578,49.584515015499,19.0253963050744,3.30534182590737,0.00080384493208033,0.211632060556319,5.20468188615153
2,15,148.930894916511,76.335644490348,87.8194516454908,49.6378386136885,19.0774422022455,4.89953631977002,0.000374420434409941,0.239588939111185,5.33949609490117
2,16,142.781998762561,84.5677833206566,91.7166073881597,51.6721927866896,20.1939285059744,5.58050567637228,0.000447185714171162,0.263720996174972,5.42583282843998
2,17,148.402750070667,91.6649615037027,99.018270091333,54.8930961535277,22.6443298740425,5.02582552134524,0.00246227151919694,0.293765208384908,5.44906775599992
2,18,169.306452864311,84.2613142981168,104.16238883108,57.8793343005437,21.6298758549093,3.71896260926292,0.00817439022787687,0.319415657179067,5.27934871989344
2,19,201.757239991772,53.1873196375939,103.46141847146,59.8103081149434,18.1734442881295,2.67822858379604,0.0100542734107813,0.327877490823638,4.94337112458455
2,20,213.373904891619,45.5457290723658,102.773632544229,61.9421404927915,16.695590697302,2.75341722236253,0.0098264015129279,0.333036654535014,4.86073955032884
3,1,194.141575974651,271.947275564942,92.2834655817423,83.1193169015769,31.9121332396048,11.9001076429901,0.0022888709668052,0.499719509902381,5.54202923479306
3,2,193.394535678747,272.68898826924,86.352187181405,82.1144016406621,32.9728603643166,10.8032639714747,0.001573321515115,0.48012972625954,5.53596292627625
3,3,199.294320676525,243.093726255941,92.5927571969842,84.0425837845127,38.1374325744407,9.28087929247222,0.00115181498616792,0.443806292809592,5.50565468831191
3,4,202.676399183366,174.095664237485,97.4138936367573,84.6280433941758,37.8732058366455,7.28276077632896,0.000227570552979185,0.418906267772943,5.46337466175098
3,5,196.394518007465,147.57684632314,95.420198540031,83.7106272944705,35.0250532239235,5.61848603955067,0.000123385619166135,0.397553209984907,5.49449255609984
3,6,184.614817651177,158.003582342632,88.6031943745286,82.9809635864771,32.6325983653759,5.68038829858227,0.000458288681143668,0.378171343539215,5.63928477710593
3,7,177.722416435351,155.457078653843,86.017018068904,81.1133391935817,30.2468385034731,6.51674943807685,0.000367362665672851,0.363850181933643,5.73182295269649
3,8,174.379149384847,174.066238271073,93.265313905014,77.9919107109136,32.9361158557901,7.5859622662972,0.000485001636277192,0.403147320299152,5.72265984806765
3,9,179.995591172264,214.144262495987,108.109000890987,73.8239339773039,36.5365545082195,9.45296616248968,0.00106773385347865,0.497214124734708,5.60427829900513
3,10,182.100900218008,186.057902273947,114.238082436801,68.7473792229935,34.6180940214784,9.60652815261283,0.000528363828355888,0.510060738760068,5.4559925998819
3,11,189.954073824184,139.507388326648,119.637626139486,64.2211460013288,28.4779958498181,6.8405912819691,0.000207766070434724,0.423721517923557,5.30171085502016
3,12,193.757337373632,138.812975103818,115.320401462153,60.8456063896009,28.0908687755982,5.85578030755148,0.00016629663440484,0.370632098865382,5.38685376317816
3,13,169.492684210421,109.450247463651,99.092271372494,55.903641901832,25.1836141308326,4.3667124321229,0.00463242667252203,0.307921112350337,5.39718656737999
3,14,152.332090140945,72.9802807190426,88.7465478631008,52.515591059131,20.7316235658694,3.5529010433296,0.0253825514961174,0.279369531570938,5.28833538588139
3,15,143.76503938065,82.4338886794203,82.9577519007372,53.9298160964144,21.0348145749914,5.08687940349924,0.00105208272601047,0.315573911955898,5.46543609151927
3,16,142.441031254026,86.7611490212347,85.2122846563947,58.3594865321069,22.1458980337365,5.68015520762827,0.000212008751678944,0.336541260655149,5.56481860750849
3,17,153.898837431088,80.6775049784653,91.8775260742202,64.9597078637512,25.3329680211958,4.85020137809974,0.00015455443238309,0.350397495478214,5.54860055050905
3,18,175.560313011234,85.3317200738298,101.027144722755,71.5882743760099,28.3944330127379,4.02582795576898,0.000238233867643415,0.373083296098979,5.43638769560756
3,19,209.731185246371,78.6099158751743,106.404988326296,77.5660632453438,30.6006660903855,3.37767597285869,0.000229781267706801,0.385347623100563,5.2280513054058
3,20,218.570101795237,81.0632976519272,105.84298081994,80.346938352238,29.1498114695367,3.78841311242416,0.000505764183227596,0.390267025505701,5.16021575602731
4,1,204.962079803382,255.77057703029,96.609118568565,89.3113910764376,33.5002875400349,11.6206981842861,0.000394521868264416,0.511701505390885,5.48793038010478
4,2,200.64943655185,274.326020522385,96.178011511885,89.113646883664,36.8868695015519,11.1828968517652,0.000404331226323178,0.518779431019087,5.4871478580015
4,3,197.786240909526,295.317885109472,108.112067640058,91.8803775877562,45.9547114551738,10.5038336323769,0.00162379463278669,0.529082868821627,5.51262169385259
4,4,194.398645516422,282.148129402739,113.726330061196,93.7414322569075,48.6557516068825,9.25791151300726,0.00339590055386647,0.563641242427756,5.53978373434127
4,5,190.544526021519,268.912525030729,108.270444500276,94.1337953963092,44.5183472447323,8.68806876885272,0.0082132046584299,0.634710639125571,5.63038105039419
4,6,186.870305866667,293.825106959987,102.144992903982,94.4697403272844,41.8975876374669,10.6755005593722,0.0428782851868501,0.68227333693584,5.83546710910849
4,7,188.144350044791,276.817118684648,102.502934907641,93.620575679783,38.2781037337879,11.2927467325671,0.00157742662229275,0.60781302546694,5.87060081887937
4,8,190.350398017639,252.34828823221,110.167635270711,91.0645484872184,39.8370785132258,11.7015251373283,0.000351683436195921,0.597535727381376,5.82312456955947
4,9,200.181024233182,223.235090069434,120.244281561692,86.2503407573358,40.7797153159486,11.835221655497,0.00056655048055565,0.59719706456282,5.64228152511131
4,10,203.16806340904,162.976259778796,121.416103390439,79.2862078258927,36.0204177334704,10.6690811242492,0.000636044392507494,0.553773558910486,5.41814711190881
4,11,208.566825440838,117.588840060301,124.906396265514,72.3637184521876,29.7299937982015,7.79679290914798,0.00081780913561669,0.490726491013163,5.2006871935863
4,12,210.722720644126,125.649668635985,118.812861137132,67.4313262066818,30.7743766987038,7.28119106999409,0.00077503096810389,0.458389479658769,5.30699134072509
4,13,189.436898747506,115.153812869084,101.238585958579,61.6763307032522,28.9920868319587,5.74406558429224,0.010244437645557,0.416400838569479,5.39178436001888
4,14,176.663043612851,87.2111112604504,93.1211979324426,57.9296778774601,24.4559059565108,4.37218467960289,0.0448098000977582,0.395119490034171,5.28928936460843
4,15,174.032414953398,100.702445344358,89.751436733466,59.8312692485051,24.0980692961494,5.65182198372266,0.00251368850950645,0.430541166728678,5.42194484515259
4,16,177.392195913688,109.380472828581,89.195783669015,66.3717776033972,25.4898762022086,5.86799516143458,0.000439566482368396,0.438484640451181,5.5130327142569
4,17,185.785304988621,107.333666603129,96.124168826243,76.9796622403043,31.1419267041596,4.7973852046173,0.000275928217620674,0.437792909917219,5.4871317795298
4,18,197.496275177742,138.568352970909,108.807929787177,87.7991810825435,38.8408817575097,5.01348553506898,0.000651656085987578,0.461694272446974,5.49829901475416
4,19,207.540698962877,177.10724916976,118.894475171008,96.3226909090044,46.0112842889112,6.3563157556583,0.0018432981169687,0.495085432557897,5.53691865481424
4,20,205.496253748559,189.782437473644,116.684170244812,99.0073284291641,43.8796182508599,7.52813948812035,0.00453988607704557,0.494525165697382,5.51739398255501
5,1,225.000529571936,211.338064616246,112.422277591265,96.1247129486064,37.6899997981813,10.1074549532103,0.000385754956974508,0.503653608177733,5.4831258288672
5,2,218.813239371519,241.844276720175,121.724191035828,95.8746305772504,42.3434108181582,10.5411501472607,0.00121484763336682,0.53989824305094,5.5089202202737
5,3,207.142971422627,326.891393199136,141.951471952984,97.5586866554277,51.7256613507465,11.6584448860761,0.0738608806388648,0.665537904936667,5.58505613029752
5,4,201.354236633244,372.791510058403,142.490000942379,100.504707229016,54.615572872606,11.5355030862547,0.460061705047497,0.745662163892066,5.63456163452015
5,5,198.300561486868,359.731506196417,122.768490805191,103.152048910188,49.6299429672953,11.2352848822598,0.354694816570209,0.778044327403936,5.66112154447945
5,6,192.221157522344,411.515381839185,117.208309951313,105.662060200585,50.7616454121804,14.0325207663406,0.0993725494550424,0.86533622127086,5.83341540588939
5,7,190.333789349318,497.846593371332,130.247446520824,109.241275933725,58.2728104815133,19.1606111954225,0.00205156545701708,0.941457990800813,6.07511784701347
5,8,192.453331583711,456.864949762162,141.304107878582,108.429198768217,61.5071401853195,20.7402641564375,0.000604371394479414,0.884620859041108,6.10212890320933
5,9,203.389952730409,331.739359132205,134.072034210051,101.838237300512,54.7101758799292,17.4872545412591,0.00704040446331917,0.694990544536312,5.89292924498183
5,10,220.304834030224,218.503916779579,127.844202881848,93.2625485717792,44.4795290800766,14.4718510150931,0.0246079559779541,0.599489401916779,5.61072444547048
5,11,233.629478546258,141.842934855903,121.560690726347,84.3106130071996,37.0152616252801,12.0155421602482,0.0457806408852855,0.586193892866266,5.30823418519278
5,12,238.018298762751,118.932881351174,114.175330834772,76.4209365176342,34.2903021683428,9.77895195584424,0.0164279270393321,0.560640954147162,5.23773985217657
5,13,234.963101741377,118.501412834962,106.374465239606,70.3111850946513,31.8497354879473,7.10470302398624,0.00213118689460869,0.535743162518208,5.28207872772765
5,14,231.35435227377,117.54422650189,102.743955875174,67.3435479549033,30.3839574273742,5.79618629308417,0.00275752307547973,0.533336800411921,5.25070530134106
5,15,229.378174567383,132.222214147306,105.690014619483,68.9341076508383,29.495807638132,6.3011401402761,0.0070355566218283,0.543541842495184,5.20170830743612
5,16,220.37512987313,158.6199553229,101.866815337931,76.7376878473765,31.2312566478824,6.60640165854557,0.00544379538988425,0.552615620224198,5.33005776112021
5,17,208.210898707425,190.460696424714,100.750455127424,90.3865953114338,38.5927878236562,6.61326388097625,0.00068349359067313,0.551981532084839,5.61795490181586
5,18,218.873868779104,286.728705991325,116.693691143269,104.608236215735,49.5635827552551,9.26548442843924,0.00615073105785392,0.597510292128142,5.76900133743673
5,19,218.5520079157,385.394590043672,130.047546868197,114.297413220106,58.1810965883616,14.9116515648125,0.259429197873538,0.658711128770824,5.87779223769489
5,20,205.230724298497,372.438897478723,122.772856558745,116.049694846405,53.8714742539866,16.1269235417531,0.28485122598481,0.634458118148052,5.8711992313997
6,1,227.278887263385,193.969313428874,116.564793209188,102.412737182582,40.2162069909601,9.5591315157082,0.00274588377225681,0.529048532762981,5.49051759728571
6,2,222.928840263772,219.137100178009,126.930947299874,102.656290920799,43.3827653306619,10.1059493703334,0.0111831405832982,0.561068131235338,5.52588953300688
6,3,216.244427216446,312.0318116277,141.706787749821,105.546657421242,48.4059562271158,11.5215141468561,0.451200885263785,0.639944913134953,5.61120002810016
6,4,212.90947405658,408.894285541917,136.557485462004,109.882018640376,50.7945928566862,12.0953427880945,2.04460842579872,0.711874591177937,5.69614970728121
6,5,202.828488868247,459.23485251337,118.018292569278,114.11721960842,53.7210085008349,12.3346309635509,0.980381547470517,0.780596282951355,5.76883090887243
6,6,185.528940477915,578.44896740978,119.630379606813,118.928375796789,62.0846707184488,16.2196636548548,0.184340529533032,0.908225677804769,5.96466373569531
6,7,166.817920930952,714.537995044817,141.75797619589,125.399338343814,77.947833740013,23.9759463958076,0.012343063688719,1.06519105651709,6.24606625816047
6,8,163.558003842679,637.155722629066,152.4697394938,125.590606036139,83.7722958566333,26.7935468448878,0.0093845281771809,1.01306927260688,6.29926825954383
6,9,179.421744495032,434.96626276776,137.108439073791,117.354180909471,70.9689543929675,21.4226892306789,0.101864577278423,0.773257642615126,6.10841416699504
6,10,209.210087012487,273.300061819843,117.333729507682,106.889715686767,53.2064054269518,16.186625942327,0.14360262704137,0.646458056963529,5.79816100867608
6,11,243.601699650457,157.915989898726,108.550659844771,96.6308985545853,39.9613171519361,12.2342108417751,0.0234499058388659,0.58825381073718,5.43934964579676
6,12,258.376753348746,111.190553135981,106.82533328128,88.4233803217889,35.5930770599353,9.45765961442884,0.00258406620620973,0.548411477076836,5.28456217744776
6,13,261.571723602555,119.479442272658,107.136383340281,83.0276773907733,34.7885017496437,7.51605949421676,0.000381867873671769,0.551202969552643,5.28396513616209
6,14,258.607089350779,142.273176238629,112.460249999668,81.3333832663365,35.6531683772503,6.73221610048433,0.000911843075737832,0.575357720710551,5.27308901337847
6,15,246.355011312415,185.110872064342,113.509208296626,84.2697609658065,37.0966111809967,7.00915706876093,0.0210259215426423,0.612202541278981,5.2409983987675
6,16,221.363422424071,243.253508152342,103.294114564501,93.0521284246323,40.4785329214682,8.22615386946372,0.068888651416752,0.64692949351373,5.42024747227889
6,17,202.466314931553,311.030830056743,97.452958298195,106.912357051634,45.9263072896007,10.0972075921695,0.0102854380031195,0.655466067224874,5.8028549983758
6,18,213.709498005555,436.959373003634,109.93465013034,120.912982844027,54.9724014119928,15.0260882574028,0.109515898140077,0.70420446521982,6.00441950790584
6,19,221.208715073164,539.567807738852,124.381022650682,130.361174296408,61.9773499967158,24.2604129209648,4.12169641621692,0.776098622694978,6.09911006532772
6,20,215.019776156773,503.454422615598,119.914804623157,131.071593771179,56.8668232792552,24.7532417023323,2.62843757721851,0.736171632202315,6.06519854662047
7,1,213.923897795469,205.651027634968,107.742578648968,108.591151646361,42.5604344206084,10.2115095247789,0.0949975477467784,0.591288772568911,5.49273422798972
7,2,212.717603536594,224.747609546337,109.166466275837,110.025905437463,44.3166825787194,10.7555887376198,0.255532590962748,0.625792044980668,5.5291229673648
7,3,213.943096710885,296.539957479852,113.232666634122,115.250491231401,47.5813489603702,11.3994686893892,0.619647057734325,0.63997491272628,5.64333415079481
7,4,214.547721791179,417.473149606524,111.861350330699,120.619021207106,50.1346464906991,11.8742052587469,0.952989789714945,0.676584310478092,5.7873020033747
7,5,203.423462593337,556.893499351155,109.163751378052,126.109188046421,58.7074092298124,13.0523553662643,0.61053553851294,0.763291207967916,5.99675635691864
7,6,176.672087456527,730.521064370695,118.432479874707,132.372381230685,70.8280187866346,17.7830341697326,0.301049734939617,0.866470458772283,6.23297679404399
7,7,135.264692955482,837.704244787393,139.193328976147,140.104120364717,92.2047192266393,25.9414097606673,0.416157377971238,1.00108134862643,6.41464252222421
7,8,122.833168091119,738.058847308632,144.371493940814,140.494980451439,98.4947275665097,27.2159411076565,0.632641033266676,1.01937033951765,6.41566258180057
7,9,149.692048714833,523.130217330556,124.212451794432,130.912742197806,77.7781802350739,20.7873226322674,0.800675845357129,0.878902833276525,6.26642334128744
7,10,191.100003332835,334.338961717513,103.728326167065,119.014830646781,55.8905952693474,14.399456953186,0.187561662698948,0.72482625220209,5.93770491990386
7,11,230.432725417471,187.581703301718,94.9077764013485,108.550725503355,41.4240358744603,10.3564063294966,0.00163961372683893,0.567986388469078,5.62416788711657
7,12,249.448043851719,115.837080424035,97.3866710278324,102.152909930918,36.6837093072418,7.8996785892508,0.000123226586448243,0.49524044139184,5.44708682056643
7,13,258.235572500622,108.920866346661,107.126897228865,99.4646540366866,36.551324347204,6.8201065900192,0.000154677135924662,0.499499457400624,5.35565402244347
7,14,251.303327571929,152.28822036298,114.992304461892,99.6035194555844,39.1793864544369,6.69795873354373,0.00111011214479596,0.538365437818241,5.38783178451007
7,15,228.821067688179,244.391017214351,112.890801724117,104.043517953263,44.8248924834921,7.01799603403244,0.0309092744052396,0.614829184317149,5.52199907500784
7,16,198.483822571066,344.640176873272,97.5140046094595,113.591860511139,49.2604083816461,9.42144014272971,0.163431544298265,0.690838478455782,5.74332301531002
7,17,172.264693467008,433.112581805027,86.2831063759947,125.343243055436,51.6076846607074,13.6132389654957,0.333120394692236,0.71418952296741,6.04627348577527
7,18,179.178949962167,517.895032711196,94.5439572125806,135.681645666795,55.4662569314402,18.6940500227701,1.55541264316247,0.746122511413055,6.21317257459245
7,19,216.259264279566,554.088892369336,111.701162149707,143.062394547948,58.8143164617146,23.1661948770818,3.47896940236092,0.7812212103109,6.18365356826786
7,20,231.144120669333,513.102229806878,114.218836123546,142.922778770046,55.3316855346962,21.8513765178708,1.8310914517106,0.73550633065642,6.09422457790755
8,1,212.577388919149,220.460919366772,102.877157168345,116.513242248729,47.9675197662939,11.2883475497287,0.563682900495491,0.634228244530381,5.52007067222012
8,2,214.238746930071,236.161413007675,96.1612581984245,119.093088045046,49.8756408186858,12.1317828236244,1.25542222773897,0.680123685156333,5.54540065931991
8,3,219.363027444603,305.725956734107,97.0644826322025,124.734992382277,52.4470717857205,13.3146892624082,1.28488448870581,0.702952692933776,5.65176324462297
8,4,221.472669917018,412.633510145774,110.753043982819,129.495179610771,54.6022420838606,13.5788666480197,1.09244693443785,0.720779127418256,5.79948316662981
8,5,206.761628505923,539.941541001518,130.506058732894,133.732871313135,61.7847827371011,14.7115276182491,0.752585334391303,0.772837326237463,6.04700034892045
8,6,180.316101914873,655.370726350124,144.901869228215,139.58716119638,71.4164765738519,18.4252390226409,0.728756130909526,0.852816896762584,6.27291303741638
8,7,143.10087748995,759.060929746339,148.831238027012,146.948508788095,88.3841354104788,24.4123353034675,2.11486920688973,0.996103348246285,6.38984406556959
8,8,130.070334750736,757.948307976018,139.235032286223,147.101463713797,93.1105560799662,26.5019524816011,1.85572436761051,1.07151151287566,6.36412936921307
8,9,151.098480811821,648.097378053063,122.660072722228,138.199224939572,75.2941104850548,21.2892163778401,0.42363288641365,0.96956329933841,6.25956192216337
8,10,190.35202593534,460.417360400092,110.10078933738,128.030111628375,57.7519819931619,14.552920041998,0.0447018757728328,0.780063890043534,6.0079831894717
8,11,224.543363653537,275.314932662359,101.907261458636,120.58516470095,45.8736974991167,10.1660566686685,0.000923747373755202,0.594043593795109,5.77711372399579
8,12,237.850032628961,163.955337426572,100.489041800323,115.786897134674,40.0535342940038,7.47877458707915,0.000192749299963488,0.501492277259117,5.62135227558202
8,13,241.89832981513,124.205035557666,107.220014330155,113.672725142518,37.9226105946598,6.22866408017792,0.000458401648705908,0.481382643637416,5.48820600063752
8,14,231.776319866561,177.961445259512,114.285191712705,114.733896792715,40.1472610154384,6.64360916677147,0.00487914241316051,0.534249117843633,5.52196137332367
8,15,213.845323694282,313.005788164971,112.927857320683,120.430257327381,45.2813896993474,7.87181540382518,0.0789915940581381,0.646349644861634,5.69176205013057
8,16,188.845731467813,444.67164392976,96.403995428397,130.72024090317,49.2767848660708,10.5761702069678,0.175787479336626,0.739092092101553,5.92209155419082
8,17,161.935216759475,522.043624577222,81.1604368765417,141.081144042753,52.104534319443,15.2745786469432,0.273186856131148,0.778903101004006,6.2006109057978
8,18,160.074474850682,572.541674820203,89.195615627023,147.56642631008,53.0425118919556,19.3473298057415,1.01822697449837,0.799496612243696,6.34683479391164
8,19,197.787929700064,537.781585303169,109.453396445874,152.983284578351,55.725084736295,16.9089377241705,0.510441712575524,0.74404982750119,6.24999269891702
8,20,217.558139361353,461.119031807631,115.267479562939,151.509142026262,53.8466793547733,13.4787537863662,0.216602567421838,0.663900676306516,6.12926837159158
9,1,229.838217189387,297.168412951842,109.006901479305,124.745863848022,54.0353538839826,14.7469510784701,0.613247835816113,0.677576413004968,5.71491444060515
9,2,236.500857939789,314.051495838898,102.376889879785,128.194483760678,57.5393214706749,16.2586484046616,1.31437598389164,0.731283902987169,5.72910928734354
9,3,244.056050464206,335.112086882666,104.160642832076,133.231367075577,60.4174793838995,16.4856991827859,1.84048363404137,0.769266067888646,5.63685016541681
9,4,236.971615434265,395.344064678333,131.530322639827,136.112013609292,61.1620518574346,17.2107405780228,1.74448934485089,0.811604025530729,5.7217809302002
9,5,214.214358831279,473.831690393053,180.366770323257,134.909527028648,63.6742364735753,18.545844015958,1.24733352775371,0.89466290654871,5.95329974191721
9,6,199.006094149989,525.756016947909,194.607187982757,138.520739182176,68.0447001913701,19.7855814850369,1.77517770621469,0.97585170107574,6.12881571254403
9,7,187.548621910649,554.48075342534,166.757137291402,144.831670504214,72.0737168976083,22.4758556254606,2.51870797173037,1.07904969663651,6.17406104253783
9,8,174.169221483794,632.701682846477,142.724991588762,145.389976956636,76.1736024949294,26.0663075385983,0.493811984476055,1.16708248630794,6.1330044837786
9,9,169.92124278399,733.781864517651,134.295417144885,139.058285709037,74.1218638068592,23.3029894479398,0.0128384117981906,1.09172012808392,6.10577659362651
9,10,191.698189937094,619.778341521598,131.382089882376,132.46246935398,63.433039502418,15.5780811793776,0.00196760713980123,0.864751370129152,6.0062402201741
9,11,229.948632812556,394.962684942447,126.743282816981,130.292012437063,52.9191739219291,9.87335290591969,0.00119094388764719,0.653150445177023,5.8991358520821
9,12,241.512503331029,250.959760324368,117.205881123551,126.462232470524,46.5717034812542,7.36252910358338,0.0020041151486915,0.544806489364632,5.80247958561208
9,13,221.79971464091,193.677709641754,108.503567011812,121.452519074844,41.5775717841139,6.66215873917096,0.0163116844449385,0.51761826031268,5.71785965098523
9,14,214.073032581946,246.829882848014,113.901045543083,122.949945176328,40.7099434200617,7.57727603390728,0.112750884702196,0.601684715982019,5.6935874042738
9,15,217.112135113721,401.970821085325,119.974820145194,130.093067518074,41.6707196510612,10.9749390766083,0.516617760930205,0.793973202800495,5.73423083139205
9,16,211.225783053148,530.066176249188,103.812997996508,141.521115675555,46.1067966212458,14.1447727486398,0.0904905680261266,0.890854695985085,5.94536060383056
9,17,197.620822723467,585.79819454452,85.1817580750148,153.344751116513,52.3065228054952,15.9191417458435,0.0049037789051897,0.892411392939344,6.22885429733937
9,18,185.078024637852,573.936336796089,94.460413656179,157.157341456096,55.054320733624,16.4434922015845,0.0205325819490628,0.844326168806687,6.32091137398606
9,19,186.378031388641,485.256855659632,116.802690943643,159.392956531533,56.9008286663715,10.8989351081268,0.00585221302605305,0.703802692826896,6.25000888959653
9,20,196.324732585853,413.856836687025,122.799752161108,155.219967737675,53.8218650142384,8.4811666370892,0.00674605260542079,0.616252658108731,6.15747995454751
10,1,257.114325896374,317.981029335005,116.016403414905,128.069338293964,54.5371864585543,14.4673453247892,0.0694219316775231,0.644807538344943,5.6836387678162
10,2,265.550985473569,334.139300524915,116.57811718119,131.576432719608,60.0337939135155,16.5266471402843,0.106204302935117,0.69901689801338,5.72706062336428
10,3,259.472353609142,349.378182600857,123.646110044858,136.365907066031,64.3775792456645,17.7808957221854,0.144889989189485,0.77506860044499,5.67517365887377
10,4,236.288881891041,371.771119152717,148.441188711967,139.031298184933,64.1818421379993,18.5136323730584,0.235956548369421,0.848324743214017,5.74869254662309
10,5,217.358752496993,401.921808026115,188.299099184735,137.631913262246,61.0166137827078,18.2878099700869,0.493241564034808,0.934109946848424,5.92328235401505
10,6,216.332427534688,452.058761987432,196.217929608617,140.491891368831,62.2391080754345,18.2377289336631,1.55716819653267,1.02766222564181,6.11134925064919
10,7,215.925323618699,452.152241026088,166.720018795274,145.468231526886,66.3994090065581,19.80915075448,1.9799870500159,1.12750128279081,6.19776253672947
10,8,204.054934883069,569.61809070906,142.048099286731,145.684731219538,72.5263964568325,23.5986394758705,0.167438381690423,1.22188898858416,6.12921261244085
10,9,176.662991543076,865.105319066654,135.654797392545,138.763586638089,74.7878279920351,23.5484784487186,0.00397993083345139,1.23563830759075,6.10047847976597
10,10,181.995739892654,863.700680111026,138.119446815553,132.332292617583,66.4285394122726,17.2123926173335,0.00210754201973532,1.02597728365422,6.02474974201347
10,11,215.215276774967,603.184959320034,136.034436483594,129.965491805678,57.459266321408,10.7156366759452,0.0558801106197764,0.775649968118796,5.98253422440266
10,12,230.786374737841,417.998169437843,125.344028474708,127.829755795537,51.6955685762522,8.58622362411084,0.299341938236635,0.658973310667754,5.95217462966203
10,13,215.103646315969,318.151191055964,115.020276923392,125.534619945934,46.5808474862509,8.89561306287441,0.397449444459477,0.641444364889942,5.91445538069025
10,14,211.116349752926,330.480837609909,120.103959542986,128.046627237407,44.0900399582482,10.4704567746405,1.03859270030097,0.734221141057808,5.85570802314864
10,15,226.562059589332,454.904960974122,128.656428967085,134.982798845031,43.1927284633383,14.1928279145889,1.83436674938591,0.917841013494993,5.80471681714859
10,16,238.626066142097,546.651403739515,116.086150136231,145.593089140241,47.4290693712023,17.8650444620601,0.159058285103883,1.0080373682179,5.95984600219981
10,17,236.962416753941,579.533436290354,97.9118598626624,156.139941621358,55.1455573431091,19.5028131252152,0.00487972537358991,0.99517837221364,6.22758553936294
10,18,222.451980390757,539.441206844588,104.9062031894,157.441974557801,59.4880848236034,18.8885568974541,0.0124317421462904,0.906246378622652,6.31023283173982
10,19,204.993392686493,456.973572578748,123.092335574225,155.397027311388,59.2660414803277,12.4887481181117,0.00458924699555939,0.739794886873539,6.25716977539369
10,20,198.068404210086,412.64707950585,124.462606061477,149.204301855285,54.1293076804673,9.9762035442226,0.00848525062536913,0.659798555696128,6.18942927994376
11,1,279.298418829944,249.509320340369,117.899678042836,125.770936846296,48.7105145598525,9.51105915433218,0.00125241095694807,0.530667158835509,5.37371523533276
11,2,281.582748126253,276.875725770513,127.58992512314,128.899562584511,55.2861202563627,11.6204626913036,0.00163119309382741,0.560762471655716,5.50827463906684
11,3,272.074566426081,306.320435892755,132.776278425014,133.219575714783,56.3778838723526,13.0975621878185,0.00185539333020139,0.628136344103652,5.62723055354647
11,4,239.080324300429,309.868998071911,140.121294296339,137.997257124608,55.7061611836516,13.690187458285,0.00611641982573163,0.696523469357962,5.75399714380155
11,5,205.807116273935,331.391082593647,145.588744575746,143.785788982729,54.7210265706068,12.9621912980494,0.0726133487757392,0.738208880930711,5.93248624803701
11,6,209.365584008847,380.612108992236,149.136771261911,147.791303065875,59.5890755380695,12.3672633296424,1.18719898161142,0.840701046971937,6.2034325563715
11,7,225.556537349391,400.648413339805,146.156002386038,147.496820084507,70.766201750281,12.6046947868307,2.28881934796453,1.03180604110757,6.58949406277282
11,8,204.203252218687,616.686970199161,135.090567824959,143.766824288482,77.567486787515,15.5149088863684,0.33003186579546,1.18042795320734,6.58018543592489
11,9,140.880113252176,1172.11474916165,125.290874242334,136.48165376224,76.289036785341,21.6449186408846,0.0121757082364365,1.2423004795389,6.2284699918659
11,10,141.918782269507,1192.38455684511,125.126661715742,127.997489172211,64.192893677673,18.5173936615551,0.0134698319249418,1.0793703014935,6.04857391157345
11,11,190.487642055485,759.591346493818,126.618167452112,121.68142457625,50.336204463502,11.8348064223697,0.245020697305237,0.780849316031129,6.04251868057576
11,12,214.884460935977,551.192206366553,122.781965301977,121.400238541966,47.9387529208152,10.706114997961,0.973063043503103,0.691831563315407,6.07297573304998
11,13,215.534347556132,454.421890846047,123.468182814592,126.342602843125,51.6141725036959,13.5182755702671,1.27649681158813,0.765392991989335,6.10141788842608
11,14,211.149783736187,410.716891754596,128.72160209972,129.929151906286,49.4327059007494,15.506892499605,2.17310372453917,0.815071921460083,6.02268547928937
11,15,231.88517061946,413.185948887424,130.982745745354,134.07417114468,44.8914462678406,14.9341626319913,2.25170085740515,0.817759798252152,5.87463039263389
11,16,250.034423383073,443.648694453224,122.734077973863,141.4330911656,46.8488157921802,17.3341868914377,0.900535136582555,0.851147076053941,5.95377337664342
11,17,248.887222250764,505.799142568615,112.45536613866,148.317006798193,54.856210317767,23.8294586393403,0.532553812961038,0.905358420410529,6.22267001563294
11,18,246.056332781267,496.862669492115,111.472276370809,148.935212418135,58.1142474303529,26.1303203662828,0.565067739749321,0.840469024155923,6.35974783824171
11,19,228.829150555328,461.341467062128,116.704848106951,141.191700682907,52.6602124031507,22.767826369062,0.567437076594544,0.745296269349494,6.3021973377111
11,20,204.48729654474,458.693497776861,115.029946886297,134.997108221213,47.2324329448279,18.8990373556083,0.591896688221711,0.70603292747673,6.2350902606208
12,1,266.681610455409,223.693137963036,114.749941624258,120.386984111385,43.4838305537911,7.4508322104247,0.000189333029011352,0.473640889648834,5.28865591054516
12,2,264.789360059541,244.837356677106,122.116162932549,122.759824610393,47.7124928912185,8.31690528595176,0.000273781850685723,0.46617389115108,5.43681106428488
12,3,256.826003421658,263.788605164657,123.372925523415,126.854156817185,46.9716826822351,8.58270343890984,0.000709266503305481,0.484398267740518,5.60606492576533
12,4,227.191636900906,256.827168065184,120.535091010009,133.477239344928,46.855265901563,8.68460130944953,0.00415337668529753,0.515842782371761,5.76754123107935
12,5,195.45338830832,263.239672499396,116.8942991613,142.12551380577,50.5017596498088,8.55247828453309,0.0557603773323758,0.550011904499382,5.97559748370004
12,6,201.435599907809,303.531947867959,121.594843791423,146.22713817208,60.0092169724282,8.35678555173264,0.945868709108304,0.619157075629118,6.26022240290913
12,7,218.576046217549,345.682807398642,128.988076862327,143.656784964637,73.1594147508905,8.25304029763724,2.306685246406,0.743983953817866,6.6630186343002
12,8,196.866616356924,570.96360032,126.728124673531,138.25027353933,77.9767564586792,10.8185660542148,0.725284393437728,0.882627001354911,6.67052334178179
12,9,135.75965348351,1022.08390500374,117.82817556226,130.097020389714,71.0115268209575,16.3430707599911,0.0893572710445081,0.97237004557953,6.28779259100019
12,10,155.884475901206,890.286789454541,118.846753438837,120.091771823529,53.4669451449549,13.2105518590447,0.169468786016509,0.888537994742064,6.0421607933773
12,11,191.928501916111,634.973601556034,116.565640799136,112.410892065369,40.0923108063068,11.1470039000412,0.979798788908837,0.696813457251812,6.02918091199851
12,12,208.923668137976,529.498606435901,116.32082467476,112.177826356467,40.6647824603719,12.2129606164953,0.883462260556683,0.623928899671148,6.09402277849502
12,13,212.587994137653,431.833063222807,120.55506035215,117.826646140725,47.6361577382539,15.2801950477568,1.17391646689835,0.672304411644334,6.14120093616848
12,14,209.711707370599,359.665360322523,121.924005160314,120.456730820958,46.1404886609896,16.2785190866817,2.2536456352252,0.651506265527246,6.04609886370856
12,15,230.610994013537,317.605252868762,117.628848159237,121.5236381868,39.6758580164591,13.1842330409677,2.45609273285089,0.555104993843423,5.85520116891516
12,16,242.090306228212,314.068348270793,109.435393391156,126.205133572382,39.3905762179526,13.5775728621918,2.11598526091615,0.525712700642249,5.90334725700688
12,17,235.663461848468,381.598576264859,103.57915451584,132.196720894882,44.5032058946338,18.9450516538781,3.38553916951605,0.562502989844518,6.17563788593859
12,18,231.808646345808,421.298687200525,99.3410347284945,133.482318457457,45.9454596617956,23.271821064218,5.1370330270077,0.564343216728004,6.35268847448223
12,19,209.939507946136,449.572610088353,97.1107535168287,126.608438078417,40.6685126067417,25.4644351513169,7.35375070302374,0.584222941328006,6.34455224510157
12,20,175.553664108609,508.937606688254,96.3285243422686,122.548979747122,38.1897306242798,24.7309221996789,4.84437658084019,0.666407964180516,6.29658450778204
13,1,222.320522281262,236.898676878633,109.527650280214,114.143293518298,42.7880200526907,7.6461134471532,0.000310379710195013,0.485962496804812,5.42545635738041
13,2,222.893558621504,236.058465296257,106.187672171554,115.434921290552,42.8971335411856,7.11460589390714,0.000598705906363156,0.439422715145391,5.52540559277829
13,3,220.197327725584,224.986400510099,103.268895306973,118.617400536422,40.6218956369556,6.52330283751307,0.0136822335626588,0.392336820825266,5.67533086595279
13,4,206.382560023276,209.151831144667,104.443480302909,125.153277565052,40.456031857418,6.14528366017776,0.110455490194558,0.385331623564594,5.80514199137617
13,5,192.87637299858,210.684958735122,110.224851228351,133.206602338602,45.904539243409,6.37507678008753,0.255458823352953,0.43257807956225,6.05467532355051
13,6,200.433352213961,241.369150484949,117.939649128636,136.753541157765,55.408159811811,6.68440066992057,0.793394499103698,0.462252566508369,6.2502914540132
13,7,206.825126606857,305.134800186769,121.063119827111,136.379527190373,67.7567692658664,7.38842959359243,1.35622936896773,0.482679493614868,6.34551634034697
13,8,192.074368737904,455.110847188901,118.026494860525,132.147924909757,70.7785141237419,9.71217065171524,0.911028339057005,0.565857495948155,6.36375729016054
13,9,157.198331751828,575.178202304881,110.086673460569,123.332363336736,57.6074569924811,12.7688792910619,0.694915215488432,0.629997840739638,6.27748418557791
13,10,163.853844602129,529.865491699843,108.986348321272,114.23267142061,42.8626690041926,12.2220286791747,1.10726289270774,0.619354499527364,6.11081580065787
13,11,184.455154863558,494.726782820383,107.411644355105,106.022101539698,36.9574335308657,13.1746891207958,0.779139083121488,0.607309202628582,5.98903598118783
13,12,201.769801789893,454.86055447678,107.133305319862,104.064028616222,36.3311662630298,14.0501694643941,0.0544735440014264,0.54063718193277,6.06035732683917
13,13,206.401491888572,317.592115828512,108.246478409826,105.70525403382,38.4400891996567,13.327502842749,0.43074874912742,0.491223882225169,6.07117127051718
13,14,206.403847067442,236.809885854606,103.839787874596,105.225442170053,36.739448233452,12.5522031521062,1.77019553568236,0.428223831634309,5.96911497274878
13,15,215.890165117652,209.79926381843,90.2164760921192,103.010098502647,30.626430650924,10.2283413827697,1.69522532218492,0.332045203584734,5.77116656825209
13,16,214.55287927645,208.853376475942,82.9049623487963,106.174388078755,29.7305253757737,9.60828173800749,1.34280254540914,0.294984345003962,5.82619930440102
13,17,200.104819444932,267.011388514166,78.8236191887544,113.361011711157,31.9770781050535,10.8525951569354,1.31852625327984,0.297922870004968,6.09974804476104
13,18,182.676533207216,338.589825213694,75.5768273033874,117.069701597245,32.8142752605752,13.7612775091412,2.31323439550678,0.326499862131328,6.30817119367747
13,19,158.122613881191,407.731982824721,74.262942231166,115.648916779511,29.9958477464232,17.5684853341968,5.69477709789354,0.377486946923992,6.42209001956142
13,20,130.041024905645,522.459947316655,78.094733069454,115.14086696629,30.4419286174156,20.0029987530059,3.92932195019497,0.520668360001476,6.40097253280503
14,1,186.895780858149,229.883488554359,106.962356032353,110.944071962297,45.9459406810651,9.32780273995764,0.00307078907057576,0.521094753964959,5.56826639045353
14,2,186.007354110633,218.834419085977,99.6690810113246,111.81238355573,44.6618135294939,8.37157220414155,0.0074649252708279,0.456628564809087,5.67756243814738
14,3,187.823659579408,210.41481067771,93.210147292819,113.996106488775,40.8100849908383,7.54201569606917,0.118040048917671,0.39836877488215,5.85284164702696
14,4,191.092117073836,186.564675296036,95.6843927404188,118.634056965486,38.9827573154787,6.73726596326015,0.80986949028572,0.370797275573079,5.89793674817959
14,5,187.204566778715,170.216553602447,102.703881058831,124.196465777488,42.0082225037979,6.94689551938387,0.806891090447392,0.395213498914379,6.06379378964617
14,6,193.711804113552,181.254307012009,108.766668763761,127.561090352522,47.8224221482201,7.50299642309964,1.04667462162173,0.407747589408827,6.16769976832492
14,7,202.669107898216,242.411927611499,111.786210751562,129.475666807905,54.837979547272,8.7399227027752,1.23718215738228,0.413863925301658,6.16686918596862
14,8,192.152144025952,343.171554071039,109.822438419985,128.660018043891,57.2758891506921,10.9189912522686,1.10510345311943,0.470276860161827,6.19827927351488
14,9,165.512694620443,423.738020129871,103.731525077563,123.595329296544,50.6470950163086,13.361748262693,1.23554860206978,0.523095509185414,6.23597831238711
14,10,164.587398709943,469.750915755353,104.25953256097,117.242648727451,43.2126307105335,13.9514738289432,0.845606184927684,0.531451503851057,6.14924323762183
14,11,183.320868209583,486.820163601365,105.277732853506,109.796744123234,38.7302351807353,13.9723310320326,0.0586328935639492,0.522646209003612,6.02479792472263
14,12,192.854392083116,415.3102128719,103.533532922341,104.575005111604,36.836516858119,13.3215848447926,0.0119535882025178,0.480887999740862,6.0478023441983
14,13,188.679871806303,272.396167546771,100.139183426802,101.859674846289,36.0967223411694,12.0202596432882,0.286115243892016,0.441598818199187,6.09390574960422
14,14,191.705678413582,198.113064958082,89.2848454980345,98.8425809265154,33.222300544973,10.6961911436589,1.46692498103185,0.380814013967558,6.04475028136311
14,15,193.133709331823,162.7002451167,73.6981178361257,95.8964423909627,28.7442850821725,8.91039906103842,1.43353881270148,0.300499721915892,5.88671893049417
14,16,180.138346018608,175.648585808528,66.0425978174819,98.6986920741314,29.4628985207117,8.27830633002607,1.10284066994961,0.265634504986054,5.97364150478706
14,17,155.399942146353,265.109180055127,63.2572053195396,106.198380576785,33.0501392559535,8.7323675940843,0.955200432048844,0.261244522979265,6.2699422170413
14,18,136.945255485172,375.619725955066,64.2854180914009,111.813203161711,34.579244773324,10.9390126970769,1.50375575606428,0.290878144626093,6.48220371082185
14,19,131.298896328858,446.546736697602,68.0347227471424,114.087269039378,32.0201080195358,13.5403085039894,3.78975850297501,0.33716190706554,6.58605194468362
14,20,135.240902981441,510.151897151859,76.8282013705927,116.773961828196,31.5525104361592,15.3711190679107,5.79866000290201,0.433241767929305,6.54813403658508
15,1,172.873916161637,218.112811905289,111.232338765665,111.2302424887,48.6943605754964,12.4265636951179,0.130575637352422,0.570527884460665,5.71171975198078
15,2,172.70011551113,205.873834357384,106.721323996614,112.720885823822,46.8659251439546,11.5695207603849,0.281981610848261,0.508612797599525,5.80873055851875
15,3,185.522637074391,195.285981144578,101.66880438245,114.257402294205,43.9129984147649,9.47969128626,0.66774483863683,0.443878135759367,5.86016222704679
15,4,189.938887022425,175.489605472178,96.1287756021315,116.145543805756,42.0156511856046,8.99761796961132,1.29135331389476,0.424468186787658,5.92411100978093
15,5,184.799701325218,136.838956223873,90.5580674147257,118.280323854496,41.4691311819968,10.0070967062154,1.29132875069761,0.437381816093601,6.00977652716608
15,6,190.558696657116,130.89405198069,92.6352714677643,121.490707692495,42.3194399808246,11.0114651362105,1.50680665403772,0.448521672122777,6.05491233794972
15,7,198.564697031313,188.952558459153,99.9869168665578,125.209415158936,42.3364314182466,12.8404615561605,1.82817305085757,0.461240186261211,6.07355086985599
15,8,195.031265520005,279.575596576356,103.448102344931,128.396777343885,43.8224437227896,14.5183537729401,1.78908256737958,0.496256234742267,6.11759504261077
15,9,181.297798186615,419.387135545598,105.597543912996,131.221426063136,51.5686740628682,15.6977708600022,1.63657581007231,0.571846303822939,6.20008730896594
15,10,178.962336728884,530.302420929463,110.336897681014,127.7365816054,55.9729301385,15.6157733044631,1.29569463509421,0.621124488822995,6.1512583714467
15,11,191.175316403445,474.613413547932,114.701004150732,119.579846555657,49.3908171666954,13.0685669921339,0.64473585940667,0.543255102475875,5.92493335153571
15,12,187.798584318398,378.401129037556,113.315033672714,112.014421405378,44.8562901215413,11.8003060810173,0.437475789248138,0.500938940244431,5.94254828041652
15,13,174.874102746557,298.293013318147,102.893168232058,106.558498159103,41.6032742594503,11.6141329342178,0.830379341341693,0.517752035445328,6.20595351116913
15,14,178.805937411267,227.781085336347,87.9213278640898,102.98337189398,37.6540027827995,10.7457493376232,1.68358536114418,0.491807333278732,6.26273418301937
15,15,182.229065181487,174.925769872871,72.808959907703,101.724912406873,36.9235710567275,10.1429403736017,1.79686149740129,0.444631747567086,6.19029842558014
15,16,160.129663979896,225.146152307909,64.9447100285877,104.895837066936,41.3604427995825,10.58794433653,1.72524295759596,0.417055047915603,6.33386470225703
15,17,120.770309371824,419.465945995165,65.05853051885,110.412790695651,48.514694710155,12.0561529812411,2.11631630477996,0.406817690577846,6.68729091815574
15,18,113.231404031891,590.367702677063,71.482591121481,115.854549093093,50.0416814593607,13.8931429622097,2.7516760731545,0.434647191973608,6.8697077777037
15,19,144.291836020557,621.54052277515,82.6533503477399,120.690609104543,46.4980014616261,14.7555206639268,3.25681564525979,0.496218185663458,6.81664520649321
15,20,169.402455761441,608.193977911403,91.7940534592928,125.166808718357,43.4027766322661,15.860841480619,4.93822822352984,0.576777795681619,6.7004101932434
16,1,185.366649227773,196.651085630918,119.809075263575,114.274002538997,50.5682078036853,12.1229173067778,0.880268507360844,0.63793779601818,5.6648809299157
16,2,187.105419353469,200.712231538156,117.312716155984,116.576255214803,48.8363996358324,12.3467377555503,1.62124687004717,0.609621588289432,5.76249412726057
16,3,195.176217828914,203.473738536331,109.930145719769,117.765163595423,44.9370478963492,11.7012166444657,1.88816406291921,0.541680604433965,5.84710144388502
16,4,195.079023280302,186.573759591211,100.471472711537,118.359244920712,44.5466874853139,12.0467024344007,1.96442129498623,0.521365142390974,5.94129523823712
16,5,189.949814385077,151.471239250768,92.6002626159351,118.492328445682,44.5476190122563,13.4858098468686,1.83219741103783,0.537868860133061,6.00038423064501
16,6,197.537188639191,146.504782384695,94.1431105545647,121.094061167756,43.0253972032334,14.6801191405665,2.0437175421243,0.552756580049182,6.00699269640156
16,7,211.897238642393,195.563497952908,101.728400664999,125.735334042678,40.2588534502306,16.6790590137106,2.46764250517161,0.561571145211085,6.01870025164357
16,8,216.90453585673,278.717202274622,107.487144732645,130.482825116158,41.4162375669312,18.083603571002,2.41839900171781,0.585540246239524,6.05920373529409
16,9,212.188912799358,390.072535920729,111.963739014637,135.420690504769,52.0772174854802,18.3699676891031,1.64353882836594,0.629445859954328,6.11166414305326
16,10,202.103439390291,548.853440625461,122.021971838337,133.709828684239,65.6719072333367,18.2014674396059,2.54064994275511,0.707471895828954,6.13016846351808
16,11,203.089643781363,530.550884188397,129.775881280015,126.548888365166,63.4274814449875,15.504521660887,3.50092844389209,0.646170341914282,5.98590339288629
16,12,199.4023234677,449.44364945714,128.684070562907,118.541601301163,55.9153947345117,13.4012850562311,3.29588143270255,0.606254197420518,5.99496926939153
16,13,191.446808156234,351.70529423939,117.552361329355,111.480163926883,48.7384384630441,12.1321413063925,2.61354425805068,0.623200365326494,6.19243062787674
16,14,195.714796445278,248.274062429558,102.783854150488,108.013950717438,44.8219879829937,11.4409530634798,2.65614001189351,0.62560995652779,6.25823260424239
16,15,196.616868603778,211.18178386892,88.3361216477374,108.436814507415,46.5362141841333,12.0485629706149,2.45275260357743,0.632664871901706,6.27487362259937
16,16,170.69086331083,314.937839346974,81.3431013909161,112.008732256328,53.4025994252444,14.2595258446196,2.6897690342632,0.650217351050974,6.48050077096454
16,17,129.882539042686,592.816246502532,83.7186997269566,117.142647183707,63.0230545657278,17.9121872152501,3.48997270226559,0.665993777763139,6.88339415144427
16,18,132.755616579342,803.808337999203,94.992107918788,122.471563964866,63.648454013258,20.7941158780148,4.18958531657622,0.694917072910213,7.04915075334388
16,19,179.657356196856,807.139703793712,109.692908396191,127.900884287166,57.0725086703438,21.3202007894531,4.25768261781419,0.742095427390195,6.92246820406922
16,20,210.325157254884,719.844403901388,113.299965719363,132.58589675674,51.5040728521909,21.2995741913634,5.88285776470853,0.780273949930065,6.7669609474226
17,1,204.041794914343,183.201841784597,124.308785826289,116.016669685882,48.0955984087307,10.1393601854095,1.36365322461939,0.620342165689331,5.45529539553681
17,2,207.751690861639,202.783150991902,120.941439521011,119.000728218238,47.510382081741,11.6844053989544,2.14980675617805,0.654201850430648,5.5702508465541
17,3,204.787929269477,231.008552476786,110.421378652854,123.342786203591,44.9568957813927,14.420265452666,2.36147393992279,0.675925404176739,5.86330714632082
17,4,201.714582228347,238.765051728876,103.626064904827,124.712701965056,47.5408309620294,15.4812129881416,2.25229391633705,0.649248659333523,6.0264879460015
17,5,201.09605999985,236.034793280536,107.583639986968,123.023087542774,53.1907793489091,15.8207062641431,2.02035432765971,0.649696239585035,6.06289825775523
17,6,211.16044151401,225.845044256691,113.509134756916,124.270402300762,51.2899928826083,16.4293424929265,2.06396597951991,0.658195046961636,6.03553793349497
17,7,234.344379030078,236.987720398467,115.926730404375,127.526844354228,46.0453483569713,17.3782750346941,2.29971834945538,0.664098810038814,5.98989638237193
17,8,245.104652223304,346.568740541886,116.905314471312,131.331465107447,47.877092199632,19.5568096845831,3.14446114689085,0.744038368730119,6.06109598462004
17,9,252.438517793652,465.831568838031,125.220854377385,134.606096825104,60.3291557742078,21.1483035527683,3.04666707699567,0.787864264881603,6.05433285672064
17,10,240.182686298557,590.428904084775,135.614616935681,134.282222996059,73.5025761818063,20.8660199862628,3.50162361155621,0.798608567791018,6.1211438232764
17,11,217.308299697769,664.866693383736,140.561079309742,130.295625627724,76.6302800549302,19.2633273996408,4.07279771980713,0.786667561103778,6.2767362544388
17,12,207.496898910474,563.321492025693,139.745173905694,121.835118190369,64.219367031472,16.2640041484343,4.37925695169677,0.736842380835659,6.23158285364639
17,13,214.835699749523,365.1639634165,135.93205783579,111.630142008305,50.1951202942378,12.9534438258053,2.96830603715531,0.650122181285097,6.0480398629544
17,14,230.82289801352,253.117297652556,125.508461622306,108.099376256262,46.0829449196332,11.8943841263,2.6616283009014,0.633309716747172,6.02269678928547
17,15,229.151589878764,249.061708751794,113.528245040409,110.357711803245,49.5340188424248,12.448687492876,2.99124004521803,0.709568852756134,6.1422612216918
17,16,205.091613756202,390.522352607579,108.042803074661,115.209016810244,56.1395222921171,15.2092116638218,3.63833725884222,0.783871951573907,6.38299796461947
17,17,179.034822349644,658.171692170451,113.116451489001,122.789764295464,62.020283380025,20.8213372704405,4.78484624500572,0.832130578123586,6.71819514375723
17,18,178.783976949521,867.213101916727,125.865583168202,129.100944761153,62.9293004373129,26.683787438415,5.73590509236521,0.892315875122783,6.88271313698865
17,19,207.081133945436,907.816058163441,137.685678843227,134.627791856021,57.7327518361394,31.4389198586178,6.363672624358,0.959137524798138,6.85451942283432
17,20,229.971944515434,774.788532598755,131.395113221029,137.750613663525,51.1415191912392,29.093666003789,8.7734763185711,0.918290488953514,6.72278857627292
18,1,208.421756132853,203.074394906338,122.838117488764,115.213528874784,47.2200969927842,10.0503362857231,1.71280258276669,0.552915917066372,5.45249926969305
18,2,215.404757635018,231.578495195649,121.45656160814,118.053036678113,47.5404243828358,11.5811148422575,2.40930195332957,0.592849532233495,5.55699352577384
18,3,215.773049068752,254.553000190966,113.50226818767,122.629764050808,47.2623814918518,14.016351486581,2.54564714544314,0.647161384662256,5.84428768653688
18,4,212.946939847287,266.683628847037,109.594533337901,124.529812366611,49.6138599108167,15.273011274076,1.97075582871789,0.631634717519657,6.01418596435863
18,5,211.255245703577,287.046836898049,116.923998956718,123.737616152571,55.1525479343393,15.2436921397885,1.44527585224031,0.640182202551337,6.07203277613393
18,6,219.047851959294,281.345436147738,124.5448041461,124.684461960254,56.6452894108786,15.2684188635362,1.81656069108405,0.707723313394899,6.05816840223018
18,7,239.971377876407,297.68680031309,124.350833753858,127.482164580132,53.2192827359883,16.3973403911988,2.18497969300415,0.798551762258018,6.01466449934848
18,8,253.244289762979,424.83107590228,124.514095551598,131.405425473882,56.4032429431191,19.1911719617644,3.42263167441623,0.940791119141903,6.09647188130645
18,9,261.771638225415,540.306162867388,136.120059447279,134.925534130066,68.512871971499,21.8250561455618,3.94457082835713,0.952963271287237,6.09982827129087
18,10,245.452635344989,599.676040639541,145.118118547107,134.448182411073,77.401610292864,21.4286612630408,3.95538191917931,0.881649044790824,6.16675929169233
18,11,211.542919984646,622.772509027003,143.607536822452,129.899634245205,75.837519948016,18.9541435588165,3.34479662667828,0.822648354839362,6.33513489276304
18,12,197.276998195597,513.479219363065,137.648578311453,120.698919948963,61.3042580966416,15.3251491641534,2.96043663827068,0.727976262307418,6.23995518684009
18,13,213.911754920219,336.280885940328,133.937644577895,110.140072975108,45.908661763597,11.7159729095906,1.99517898363625,0.597456886030101,5.94563699200139
18,14,241.26289232629,245.327464148007,127.187595803691,106.526711019335,41.3039681447276,10.2770122455142,2.14553035790276,0.544877589553718,5.87562070325211
18,15,248.946720439542,264.637595539837,119.396472410399,109.049564812325,44.5670221455704,10.8935503901419,3.04761024989228,0.58766609575234,6.02160098865947
18,16,228.751489189848,423.73647206721,119.976366272722,115.222819659711,50.4428244405916,14.1837953600938,3.82465583408352,0.652474375937676,6.27814976188544
18,17,201.190983943761,718.799299865132,128.596342983956,124.423785550007,54.7481505893529,20.6574184765591,4.20661704779406,0.710307500426367,6.6012243595857
18,18,192.865842915745,921.324825278686,138.931370156842,130.849879340272,55.6338931577696,27.3350984883205,4.67411673796867,0.784054949842247,6.75491930866165
18,19,208.239407571358,891.989594116593,141.074197248196,134.69551963922,51.4833850782985,30.4732023879788,5.68909287773151,0.849489137228249,6.72161267672837
18,20,222.863480306545,727.835810140018,128.324493892988,136.543395925509,46.0089062925552,26.8705973361952,7.86057042807457,0.80336682769848,6.60887798044717
19,1,206.423356899697,234.400720241036,120.302826709528,112.699501630898,52.3194738882794,10.043727843801,1.19753602998228,0.508953249494843,5.66249114195972
19,2,219.159156456555,256.485205781258,125.240317020589,114.099229189718,52.9361103711566,10.6958157810768,1.37408273361547,0.522088272340018,5.7025227742642
19,3,227.3326952314,245.883243431507,124.946638985778,113.602143763477,49.7021355657805,11.0781703533269,1.55075337504779,0.516932706552497,5.75675633845617
19,4,228.808356062952,242.158616537889,120.455159100402,115.258863391745,47.4480947813449,11.9289478966159,1.1909259365056,0.508444599679263,5.85295317170876
19,5,226.565452355157,260.216157132866,118.073857204182,118.931116714118,47.3309841984968,11.9198968341227,0.73890940086788,0.537627745821922,5.98537182218364
19,6,222.900167296435,287.851512102248,123.045461889684,120.87222887669,52.4361476312431,11.5416581307057,1.63103911254853,0.686929448231615,6.03899496670463
19,7,225.33282904361,364.037113305343,120.795291294825,123.679154847352,55.9468778295132,14.0841595403425,2.1734477001623,1.00729225561461,6.05066649791309
19,8,236.945227500288,485.03979305863,124.591235959505,128.863228242451,61.9516452359006,17.3800948409895,2.95654095883206,1.1892468117773,6.13275476500634
19,9,242.455990150538,588.415868675667,138.154697161445,135.018003063495,74.2840182786734,20.2145033960186,4.29489160642495,1.03569509581885,6.22290833907985
19,10,228.028659370131,568.993866144273,147.58900947255,132.489553023681,74.8255462124972,19.4675288165051,3.75975881324011,0.86851597177517,6.20062954935796
19,11,187.191440321455,470.873082660813,134.42051902744,122.926427094311,61.8914329275773,13.8659754133524,2.17342333456571,0.730398651560499,6.16976091182959
19,12,171.982259868997,370.368156321104,123.600475915921,113.902454098349,49.6918032977837,10.3149342449066,1.33376977313468,0.619040197371967,6.04895279511909
19,13,196.974669825639,284.338826498385,120.248260770358,107.480231241698,40.1938120624553,8.41233631871754,0.993571560955295,0.516730038541846,5.83428004001612
19,14,229.226584051358,231.02963339259,112.199563777808,104.610918298922,34.8737966829477,7.3702519599407,1.67881616539288,0.442032425223622,5.79408473587697
19,15,248.867904983714,234.03737991313,103.972999789726,106.046305753154,34.1804828564991,7.64064102304043,2.83562773807725,0.400851476776818,5.91071038771386
19,16,227.475599208328,380.250870180041,108.31672525025,112.886872947733,40.6136238603991,10.6770557594492,3.44258369853739,0.447538997422379,6.1701471565471
19,17,184.555939113527,730.509058765925,122.717106359801,122.03315675892,49.7142076051897,17.677261116994,3.05601713859394,0.567961617268738,6.54761815719427
19,18,171.340589368284,899.893942650613,126.543881013576,126.85116992037,50.6411674825891,23.2068764171389,2.95034313347976,0.623292454456631,6.67079736654667
19,19,186.122928383027,749.573991679747,114.013651885401,127.19646290954,45.7435876139585,22.2816273857905,3.19436134400332,0.585893352451265,6.54225341668569
19,20,199.442296331515,589.95930115915,100.513684877337,127.878137661,40.9577449726218,19.0775259398421,4.49180780137949,0.552179269357712,6.42762726384262
20,1,193.443634443261,206.398521472197,113.970355055464,101.971622851286,47.4519931213916,8.23307769180777,0.13611309339354,0.433653141479388,5.73951077452423
20,2,210.697582205574,210.134883817907,123.920763633703,102.044402468753,47.8556907530855,8.01415154655646,0.102678877251437,0.425957598348774,5.69324721130286
20,3,229.150361391636,181.247100499518,130.621853696269,100.56218352638,43.5580064295007,7.5915034999886,0.0819262079875332,0.408328269246901,5.57755452398171
20,4,241.019215271274,166.034340817608,128.530524157673,101.93960147747,39.6454988173263,7.53032435754691,0.113225749215188,0.406005061049142,5.57319892174454
20,5,238.823719284771,184.289477259218,124.251608356062,105.954061341135,39.6407762043055,7.66101468890469,0.383264494993999,0.456092876172815,5.70459190354896
20,6,225.641986913364,253.255090743781,122.079112554629,109.348887602311,44.2800488820096,8.72774167829883,1.33018113449247,0.621972409659132,5.8085718536271
20,7,211.375357786251,380.875185473608,117.886532627148,113.425880369483,51.3939814823053,12.012570922038,2.0542381889201,1.00131663560873,5.92839534400276
20,8,213.185882164181,482.87682449397,118.808307175206,119.591562838585,60.1600755271317,15.4634000567116,2.49190964669528,1.18559014165129,6.08740092517362
20,9,215.587147436232,517.2826873832,127.136549222747,125.100809143085,68.3715707492335,17.3937305051171,3.00410089437215,0.961766257604185,6.1839527199405
20,10,203.94830424652,463.641063432272,130.068653533827,120.769987568691,63.9810671737742,15.3619545519878,2.36684146022401,0.74195958270635,6.11295394111762
20,11,169.850187806029,355.881464521023,116.688254859316,109.191440047739,50.258574074791,10.1002058426118,1.32638034187681,0.585032642836977,6.00845672556414
20,12,160.088832838478,279.157288313298,115.701520386987,101.653848703443,41.0938240232582,7.15831433485187,0.830805211063506,0.498217186560696,5.86370153375134
20,13,186.38063634826,248.73766584263,121.193120719167,99.143922608761,33.9599826239874,5.72991620439731,0.853090753408711,0.440552725709188,5.68167297650978
20,14,212.248184143345,232.680034802112,111.949128125735,99.3638749325504,29.3898080217621,5.26580894882908,1.90041150860383,0.400835624242021,5.69558980726802
20,15,227.48903962203,230.09676751136,99.1584597151956,102.829722419273,28.7191176009423,5.81403567244894,3.13172598211508,0.372545794630043,5.82930369212714
20,16,203.329058890212,343.971553549641,98.3276046757842,110.100936548127,35.1909841329696,8.11124034720785,4.0626092918187,0.415989659520382,6.08533461045918
20,17,166.657996690056,574.524394174219,109.77237585953,118.000573259749,45.8261556085482,12.8659219666943,5.30230804038058,0.553808757435436,6.39213169643921
20,18,155.258422297848,657.396096590065,102.683408932469,120.266856514417,47.0647960746256,16.0234044078682,4.79589571959427,0.573446123075533,6.4535596999905
20,19,164.277829627517,540.312046830928,80.8131214964593,117.171522414397,39.661456248055,14.9094935576983,3.08020498255263,0.468172494645339,6.28572359756896
20,20,180.27314376703,427.470125973603,67.4164166652138,116.515947137657,33.8051864205425,12.9826018224269,3.59712243735095,0.432538474555082,6.16527355865141
21,1,172.359046417699,142.960121366879,108.997234140636,84.26819593846,35.6151249638122,5.47554562295564,0.00446961277687651,0.360334310466415,5.57338949832202
21,2,181.44633486076,128.132450471847,114.833268718134,84.3134127099627,35.2719886804456,4.86836421503242,0.00188305946295404,0.347914618287309,5.52073064350777
21,3,203.55109549551,97.7370157954691,121.827412087021,84.9497640568919,31.3242502132702,4.33990311558849,0.00120427044667115,0.332434997610884,5.31592433703224
21,4,221.792625451659,85.7011186729992,121.029561089813,87.62393048911,26.6066109623071,4.07580429311802,0.00172474084108037,0.321499575616712,5.2219145642514
21,5,225.36308636087,119.13832962983,119.974930031897,91.5048942415926,29.3346169203381,5.54627254645002,0.163261179161023,0.385853246392927,5.331590244514
21,6,213.77113171036,195.556363522572,120.318878882784,94.74229446509,33.6908673793227,7.62407810651285,1.48528679161262,0.526243069785552,5.39975506664361
21,7,188.839262914355,363.588119983196,117.748294364793,100.361693262603,45.2208571217433,10.9831217696337,2.30027986738312,0.792106494795925,5.71958857935609
21,8,180.72751860342,457.682304643432,112.102693388278,106.824614205139,55.0017275268994,14.5390377526613,2.37421335546469,0.921385582608387,6.01314586959565
21,9,187.77804337646,382.756735885374,108.071195834454,109.205563466202,51.8919208665203,15.265357727224,1.50501798989913,0.758122976866297,6.020532338237
21,10,180.967516868699,310.473170498629,101.052842947234,103.442856286055,45.0817547226051,11.725475432297,1.11964588672691,0.548934779019869,5.94316347748982
21,11,162.217033190669,253.831243212339,96.11815775497,92.095929278516,39.3391011571724,7.70201479652604,0.936858450939043,0.412552256688297,5.83981620302954
21,12,162.203652339316,221.023983074781,110.261245522252,87.1033244712941,34.3456626127061,5.45837649442227,0.669826318619352,0.381363843039493,5.68509793219727
21,13,193.430126027821,225.631628383135,135.870390188576,88.315536671244,28.6971742644247,4.02586068678704,0.665832644499191,0.401101600466322,5.45979890180459
21,14,209.773189932001,229.301606637866,131.746151367522,92.5496342460913,26.4688836071243,3.99842174578088,1.34839074671592,0.423056057652436,5.48925168365077
21,15,193.443948622171,244.045270723974,106.278717345669,100.826021610967,27.7472552109519,4.86397321249842,3.43401813882333,0.445759668190471,5.78800884163899
21,16,169.024158749828,331.95841864407,96.8975383396952,108.953523073672,34.2310621351079,6.8252594335374,5.1325334758626,0.489843565945062,6.07320671659031
21,17,149.118585727464,459.24762146286,98.154240567467,113.13025354817,40.8991269634131,10.7396643316798,6.14959251027116,0.522037936968234,6.26504627169754
21,18,145.40860486425,487.547407183512,87.5394087124118,113.303554092171,39.9902097205336,12.2868570708426,5.8059987513276,0.492801747319778,6.25529645811069
21,19,157.20812519096,393.339030826598,63.7317098341212,109.019444947898,31.690015546241,10.5050350839152,4.18167379550915,0.428205013589503,6.0162690236479
21,20,170.824606055657,297.003929272144,46.3211395150727,106.675655120407,24.2817331248897,8.70456090793853,3.39303611207521,0.388683328532474,5.83854199200708
22,1,141.037846598247,99.170493199789,104.930094967865,67.8867338189732,24.050962920633,3.94546939127824,0.00513351510394187,0.332362048118035,5.36222063630025
22,2,137.166867146922,84.8336526787523,101.745442327316,67.6219261477935,23.9001180019453,3.29595431125007,0.00383304947288323,0.316839128631331,5.34132691541456
22,3,150.388228286021,68.0495399449264,101.524310868958,70.1011806117874,22.7042104627423,2.86446546756535,0.00483143736358521,0.303317120004524,5.25709383613778
22,4,170.90023483641,78.2542218991544,97.338577203107,76.4383240863572,22.7097511534497,3.24868897125051,0.0132453400517795,0.317642164614009,5.31254077085713
22,5,181.314993838128,126.708280976275,96.3723833268718,83.0947668298308,27.9245768213425,5.70840254641756,0.479572703808782,0.396636746554486,5.44490797250893
22,6,175.545784689784,210.538801367036,105.544271395712,86.5643173737357,31.396091453952,8.70911620678384,3.439719565851,0.488837448843567,5.44809853238112
22,7,156.99278814909,378.845424694428,113.121152227772,91.4487700367888,41.1162714217487,12.6964156183383,4.17733653016329,0.655706708994753,5.71844068385908
22,8,149.277396049251,445.864856701112,108.05306993318,97.3131826594058,46.8712713978015,15.868551355889,3.24233707275009,0.721384488440289,5.97890098156095
22,9,159.764937944025,310.892636608304,94.8192735045834,99.8190467595931,40.683149729154,14.5399951006927,1.55705702790085,0.591757328227272,5.96137545359186
22,10,160.420933290615,203.517477352373,81.8408556982189,93.9185026264204,32.8739456055044,9.9491891293504,0.98774667076763,0.438428673640823,5.85272591426827
22,11,155.606044067991,156.703228545603,78.1332584180093,82.2871024068298,26.7160309025787,5.6969542556983,0.750236699528583,0.32703861262723,5.69197026742998
22,12,160.001759736254,160.598579184969,96.6239492271891,79.152485768551,24.8681052302185,4.46670711939117,0.691235180207499,0.341732703356679,5.56344361591364
22,13,181.794079822817,195.934792006612,124.36045394872,83.1886526549643,25.067490926424,3.93599067899672,0.737872620245737,0.428249793720915,5.40409667316307
22,14,185.252231101307,216.933112024919,123.848359037915,89.7291993178936,25.2694397406682,4.46381677086572,1.29432040309288,0.495464222723529,5.4615767817072
22,15,161.965484207173,236.406815169645,100.448697368576,99.5932098707355,27.2577198149198,5.719130821904,2.72857842243762,0.539537335640617,5.77493344082028
22,16,149.99247252408,313.474666102515,93.8651139708656,110.34067309668,36.0620825039673,7.29944961500766,4.23587380940733,0.583713878357285,6.09283119722217
22,17,145.917503074307,392.109406974561,91.2819898008723,115.859662497882,40.3849677912382,10.2667074780094,3.75854360047882,0.569386856386069,6.25558990134664
22,18,149.403277897784,412.768763572796,85.3445303998373,115.854808315922,37.2822389941447,11.4970916031044,4.89170151601281,0.518390542431941,6.22942951534817
22,19,163.286177682507,345.446681535576,74.1722719907474,111.172861671919,29.7990235612186,10.1223702380907,4.34828508307518,0.457886407857145,6.02477731286021
22,20,171.453537116426,277.297947438577,65.1603188568192,108.529400760687,25.027835092605,9.30131518431106,5.02467762292004,0.425677116193287,5.90494408434369
23,1,120.608749785319,75.6284395459577,103.043589009165,55.6326835802195,15.8706436757098,3.20075289358174,0.148066681383433,0.329959889054913,5.10616682878456
23,2,101.584602338483,74.1937238498391,94.075948236582,54.8064206478901,15.7317178851994,2.76257248361733,0.431249847288033,0.313245921792397,5.1426088768554
23,3,95.4069975369424,70.8410618567508,81.7057899770131,58.3566552446851,17.9256106800082,2.30286493865156,0.644683716809375,0.287376729550825,5.28478992022352
23,4,109.39136861104,96.1349983157125,72.713765365322,67.7763307995699,22.5067724823256,2.99190069471429,0.672386908993607,0.330121395020837,5.53832147191298
23,5,121.167233694376,182.135155213113,73.7963560617345,78.377671738187,29.9279143382649,6.29709515847381,1.71367409657075,0.433249915048472,5.86996280404921
23,6,120.632489378723,289.875410405979,89.212622469763,83.1513919564567,32.9817500075578,10.5565584054513,7.6049700101904,0.476195314224583,5.88172526447644
23,7,124.681748606268,441.170593585071,113.991896689263,87.6324498846325,39.4504178184167,18.1770470301624,8.05913928556394,0.586446683975528,5.90922796918083
23,8,126.608435959066,449.304206036307,114.130926463067,93.1463859170698,39.6251301488317,18.813153413827,4.60041567213897,0.602280955247788,5.98067440382501
23,9,135.034779505094,278.688211967126,93.4750767486519,98.2083870651784,34.9509698659292,13.3175900365032,2.61490748465172,0.523470973471583,6.01072071215242
23,10,139.814128474985,159.325730806921,77.441430702883,94.0565749598557,27.2616016410589,9.07809386403585,1.54905912111605,0.43165816759822,5.88802813292772
23,11,149.792257082953,112.919255916592,72.9065091663777,83.26005887142,19.6197649480633,5.5335221275767,0.74834945366005,0.351157314372947,5.62367191412098
23,12,154.360013534244,123.643122089423,83.5016913791029,79.8235393653679,18.6421040902085,4.62720109508195,0.743847626313664,0.374134605139172,5.52455620038221
23,13,151.980156913997,172.984579399287,96.7104222626793,84.4875628612367,23.5509391888157,5.14373238350587,1.57033838076819,0.478771666115819,5.57042756500167
23,14,147.565967544326,226.329756699827,98.9510335179928,92.8282791686604,29.0354562038216,6.58121474811493,3.0352327002384,0.582183675024699,5.69094847655673
23,15,141.604423487272,290.57826737683,93.0824617598497,103.956162999054,37.2812174418331,9.8619407044444,4.65884819289137,0.688592170366714,5.94767403866566
23,16,142.326598086922,350.073294698966,88.7681265745633,116.132500973725,44.2041167530488,11.7840404372692,3.76265414527869,0.69440359925912,6.20672575656568
23,17,152.448432188071,373.809010190074,87.6195919489268,125.384276571151,43.2234256696931,11.821478931971,2.00765260915628,0.605392008191074,6.35674960276298
23,18,157.419980519249,386.827535168256,91.156484335525,125.662828219681,39.3114721866914,12.938857382328,3.69638211512165,0.566156686656966,6.33904222935946
23,19,162.286459430141,334.961479933404,94.9429842888684,119.966187775101,33.0306422334752,11.931318139406,3.32056303493656,0.529324525199867,6.16594382197306
23,20,167.37379021997,297.529258651861,94.9219783159038,116.246442816622,30.7574078016298,11.7094750687579,4.27282880138902,0.511025792302476,6.07882017985118
24,1,130.428225200313,65.1016826439015,107.64999819473,50.1173504137654,14.0505947629176,2.97964459530669,0.135970707168149,0.329066852202569,4.95971353298501
24,2,109.558314141736,69.5944616543358,98.4982954884558,50.1131528740762,13.7288231644085,2.62924809593135,0.430737822380348,0.31860465329678,5.00723657464059
24,3,93.2816484448328,73.3421271039974,85.1563145307059,54.6122709714271,16.4642208668392,2.3868624446699,0.375475552262742,0.305073604175293,5.18469190573555
24,4,95.7294524846024,97.8048503996417,76.8117029338237,63.8266977628502,21.4618496041071,3.32959291189095,0.0888383118249528,0.34478439970128,5.42651363967108
24,5,95.4749832411179,198.635364167495,78.856123087008,74.386999010771,28.8377931235132,7.19078392984296,0.171031654095591,0.43464891869712,5.8114177380312
24,6,107.961347551306,347.807247737098,98.2679917764525,82.450027548539,36.4754421306864,13.5054393104282,1.67669016367573,0.534579280860979,6.03273851013618
24,7,127.968710878085,467.752158887266,125.918207337105,88.0530398863988,42.6191918199617,20.9085446864621,3.55790834905118,0.635961258125371,6.03328184340376
24,8,128.764919363154,406.586176472123,124.278275645493,92.0270890363295,39.0257549064822,16.7104639693367,1.51521585208789,0.587885865948902,5.95636015860237
24,9,136.821265841414,237.890258877233,103.660460643824,97.003861132049,33.1458058669585,10.7913083711856,1.4842003199941,0.536356671623286,5.95455211872059
24,10,141.29685517008,137.966936990254,86.7702130328594,94.8052842048549,26.0264926172221,8.0505881077626,1.4672671533048,0.484384498985204,5.86195691645927
24,11,149.545884809606,107.797933163336,79.9837577774444,86.7140563476153,20.2430813974372,6.24338911134126,0.816158037782649,0.436825085298582,5.66571558871926
24,12,147.784954526379,132.636540717281,84.7136256639969,84.986516847985,19.707661208025,6.77263819461897,0.930329633926602,0.488143166119146,5.67836329311993
24,13,140.671116354733,194.424275939888,93.715527752782,89.8381917203386,24.6098272094064,7.83163782817891,2.60894457167346,0.53262948875128,5.75781992919341
24,14,139.150261566533,273.449397073985,89.6245597851322,99.3382043082897,33.8640639968179,10.4814727038357,5.25122669228576,0.595022705023077,5.89262835071498
24,15,141.922503346818,368.512276928365,80.4767515548662,112.030463501753,46.7276436226506,17.2274990945068,6.93317220020987,0.702334163745721,6.15361023773949
24,16,148.041537944225,422.842902831578,77.7034016572972,123.286964846953,50.3945936592186,20.1976574166374,5.6008353353905,0.672328545424264,6.34800717416093
24,17,157.249499983233,432.168112669772,82.972281434801,131.100975736662,46.86913196063,19.037732178316,4.29862835285419,0.595193506390767,6.46497147930314
24,18,159.236709154993,416.681131414785,95.6308175050696,131.036779710823,44.3059668701944,18.1757298075981,3.82876234541519,0.589237900539733,6.43794409129504
24,19,158.783958356736,372.020803252928,107.943585723831,125.143545473667,41.2301553306262,16.8527834438464,2.81427495818606,0.610276027423361,6.28439004424946
24,20,164.113122807385,361.686740024542,109.958080399928,120.68170978292,40.5178838771351,16.5323187670089,3.4598450286302,0.622220300635399,6.19779350300921
25,1,156.687741716844,62.1245141222607,115.273483360728,49.7030187214794,16.044436851647,3.14739358060877,0.0031424993997704,0.31995103748184,4.91557526261084
25,2,147.589993051797,65.2016756842452,110.770521962193,52.0475603974017,14.9078576061307,2.75965034255342,0.0035711736596891,0.321460482734068,4.93859989741506
25,3,130.372367254961,71.7604580104202,105.729130473147,57.4523999547032,16.0395541567135,2.88077642195076,0.00250197343095042,0.343118428210493,5.04012905373767
25,4,126.246296094364,97.351199397802,104.616151685203,65.9605741238786,21.3032845664555,4.56885523421081,0.000238460128201375,0.404968973959547,5.21501259618068
25,5,112.571472244111,215.848342193717,106.270467159959,76.2954538721028,33.6583728118499,10.3117282233374,0.000816280447877757,0.537388102335568,5.65542557130874
25,6,126.303875281296,356.156412097772,120.451611608316,84.9137078613315,43.4006053837564,16.8166462289977,0.0178605402107904,0.665463754628967,5.9723980498384
25,7,154.297877322459,389.14759514391,134.589375864147,89.0792934459677,42.8944681721505,14.8819189379841,0.0589464731419439,0.648687957875437,5.97547107238621
25,8,150.426494168327,304.335253666601,125.83729053278,89.6562393282964,35.3448094541421,9.49516151710647,0.0265063829671806,0.519296854515113,5.7814703942501
25,9,153.869786252283,199.210655503706,114.436728594208,92.2924076371399,32.1028674836119,7.95841044594291,0.276325198678124,0.516551888497105,5.6829807501285
25,10,157.514483960139,136.188997170093,101.975506524972,91.6568163089074,27.5021494118205,7.05394600613609,0.93896157731374,0.502965487016058,5.66023685928088
25,11,166.099632841275,126.311436270963,93.714259405613,89.8098160443275,25.3695111402786,7.71748195292107,0.793825526662878,0.516220213606091,5.74114500649309
25,12,156.782958088623,173.419035111463,98.39089012206,91.7377142734955,26.9504838394386,10.7944381996722,1.1037390824192,0.623804696530945,5.93298664079068
25,13,149.974032032606,293.875481264078,108.323448244807,97.680236923658,34.9909717765175,15.4900129082917,4.28419609479503,0.635517419862604,6.10484930908359
25,14,148.940295055964,386.982438777239,95.532512135395,107.376287812734,44.7926698613286,21.0114200930058,7.81749876588465,0.600604544138036,6.2114730141588
25,15,155.121172289552,416.979575015276,68.1939222651345,119.018472857005,49.8034128761421,25.1108746132558,6.2457424208023,0.54370188362102,6.31846562399655
25,16,162.866378082499,456.04895806429,60.5575590675745,128.030492770727,49.9888232233964,26.9750286559098,5.00454927958973,0.527034531600116,6.43293110299452
25,17,159.967507492222,489.030684478745,74.0554155224355,132.314838247919,47.4219392206102,28.8140168186003,4.85880107813707,0.582272151126731,6.50102910197817
25,18,157.4255491243,472.333409908577,91.9251144491438,130.933698342815,45.622012160534,26.7877421856374,4.13918441529872,0.634977036358081,6.4647458141782
25,19,157.859962731885,440.538509240817,103.681031153736,125.141151804106,48.0487274813873,23.3963881353077,2.78561170623472,0.690515947422133,6.35026381806
25,20,162.679291588829,437.038909830553,106.059421965566,121.205328373065,49.2653517870164,23.3429396425102,2.90194791622271,0.71453114876276,6.27093426147947
26,1,155.58433335094,55.9629264453496,110.91533899371,50.0775423376816,18.3860667590471,3.55778247448806,0.000273957982585531,0.287041528342926,4.9893024240599
26,2,159.101025402591,61.5063910168973,111.371060105624,55.046753188258,16.9065690055544,3.21226880029038,0.000197033353518281,0.294304443978725,5.01190356332144
26,3,153.622643305831,71.4483416400752,113.151322348679,62.27832833732,16.9838441305129,3.50771565621272,0.000191361416442287,0.331759343907032,5.05571163984295
26,4,144.23494148643,108.019142416022,113.443873251066,70.8223002247047,22.3118150006032,5.67943146804549,9.31086739718195e-05,0.42171782706707,5.22701704828586
26,5,129.483874351009,200.623490126071,112.690405831247,79.5472505497098,33.661963364699,11.5587586912469,9.68058957452419e-05,0.55916529958438,5.5805808733983
26,6,133.172162251801,274.613188986042,115.053436672666,85.5848355663941,40.7651440708305,14.4569941971046,0.000311622401657701,0.603389960869955,5.81310318760753
26,7,150.705610135007,269.612537034488,115.688712775433,86.626862925012,35.8835508212942,8.95906611863862,0.000359800040385244,0.486052644405197,5.78253482590377
26,8,158.224376950936,224.321207582787,109.770800772631,86.5339089568091,30.0369049865112,5.82650410222851,0.000629170262037742,0.406628852869773,5.66152242491709
26,9,162.600964431144,171.041321962243,105.202705971984,87.5203704532527,27.8809926303353,5.59948353333194,0.0153710407165738,0.427376688140756,5.54976594423817
26,10,167.542513081179,144.562662064562,101.798122231338,88.1043058049567,26.794064265054,6.13620243068192,0.145616505634928,0.460237183042197,5.56256974703822
26,11,176.41194283851,146.836509242191,98.5483253682635,90.257106846434,29.0186256318643,7.94812421168802,0.442115012462837,0.491158818716517,5.74183609774291
26,12,174.861946899273,200.319339599212,104.799540858489,94.5189301404254,32.502909732662,11.0678399934999,1.55343400793372,0.537052959756251,5.94798068851557
26,13,167.370401942401,335.538213632396,113.324717073874,100.765158536628,40.0648015721975,17.3725174954721,5.36615849974916,0.570404149849788,6.16300981767062
26,14,163.793672713529,450.563064173782,100.359844797633,109.212300573674,47.5605048187844,25.1273074545784,8.33093604386451,0.535561598220975,6.26792096719802
26,15,164.288318405574,485.578472981048,71.3416231401883,119.202984451029,50.0493392464472,28.1368129132127,5.27526546661947,0.466753310298767,6.32451786815037
26,16,163.738479115089,522.149359407681,61.946700194563,127.202311981053,49.4741137171764,29.5071267492534,4.11808856207976,0.468754909120029,6.40331890093808
26,17,156.610864732565,526.16640115891,72.4873894289785,130.181940280259,45.178340969983,30.5455229315511,4.59483883642224,0.555669815843709,6.43516126063483
26,18,157.032244419987,471.232793911355,87.3719067569217,128.192177667598,41.2165651571896,27.4437055188307,4.11321969609203,0.628657745035588,6.37613122546837
26,19,160.435289870136,424.625413661421,99.4457495410026,122.987375521889,43.2772943552681,24.0147909764234,3.27344217542307,0.686436544997214,6.25977187681425
26,20,164.302512058556,423.221647922627,103.338956240549,120.158023674756,45.2121926255996,24.269942184326,3.45292662531377,0.69762249378456,6.19675481775038
27,1,131.772196968571,47.4137069774084,99.4108032959848,49.7352985347557,19.7632979149191,4.08551646661317,0.000175248043823832,0.233826836358431,5.14032405501397
27,2,145.432403297639,56.6547601058273,100.687113959858,56.8547625126811,18.9960511516402,3.84400611853581,0.000138589258000335,0.250581240939949,5.18677627224527
27,3,168.277225957229,65.9069116129255,107.980835472383,67.0457819593168,19.0046591253783,4.60563377117232,0.000148432815171241,0.316694684164685,5.15352922840406
27,4,166.293541948398,94.6860142767539,107.163955282601,75.1916766697324,23.3003379193799,7.30180970089878,0.00012101926452479,0.408733879626219,5.27890862427133
27,5,148.328923576895,146.884565303917,98.7541540798918,80.754089094146,30.7876023749721,11.12072307078,0.00011655723449552,0.471117727310963,5.52162959784783
27,6,138.284269668483,185.5027620758,97.1790970252397,84.251423729056,35.4685791464123,11.797334908266,0.000144307237371131,0.465586710092749,5.70399148758079
27,7,145.062404490356,194.163940728497,98.3794134202997,85.0504963306781,33.5797051690093,8.15383338858924,0.000157583325826131,0.421875719953106,5.78329977060045
27,8,150.7589325006,178.194334863493,91.6000396026363,83.6642657505641,27.1641831590319,5.52224229934479,0.000223940233954248,0.356522411598209,5.72178113783812
27,9,155.672273865258,148.445363331576,84.4628626881708,81.1597812426062,21.9604358156487,4.64526040762999,0.00054524074984396,0.325602984975229,5.55976986320106
27,10,166.38864223718,141.697340551544,88.3678209375713,82.863042196129,23.4691592908876,5.45583705052621,0.00830895433305138,0.38853691575131,5.54755140036819
27,11,175.784773730429,155.056593438069,92.7691429997865,89.3525172521013,29.4515321077433,7.19566033322854,0.278291084673355,0.438715771816336,5.75698545522954
27,12,181.671737795986,195.867911729068,98.6635925604885,94.3097739122137,31.5573634761208,8.68454820505536,1.71579520994341,0.450030213226387,5.90307832949944
27,13,175.659126504239,276.99104013515,102.49381657823,97.3917340275225,34.6685163551775,13.08186984338,3.79211156958339,0.463166380826583,5.96063742572861
27,14,172.577581093573,386.828445516963,101.31440697748,103.479647940961,39.3973803276177,17.6271138014775,6.65075835325629,0.446472019760137,6.00861398560659
27,15,159.788460648358,542.00687692528,101.927970567594,112.342443764863,48.4415510410223,24.4159795034327,6.41117569832553,0.473333228277821,6.16886823061025
27,16,148.218506234071,619.193646027652,98.7588038800953,120.624055879927,52.3590558409024,29.1920044595384,5.17489332216304,0.525071314976075,6.29904120927687
27,17,155.129358729585,521.38543592351,88.7624158759068,124.773598099331,44.0519654201976,22.715852788621,3.79916306227146,0.563656785070074,6.27021344219468
27,18,165.572243229005,414.191663224263,88.55687618765,123.560183758913,36.6954241877588,19.8252978155504,3.11642224257182,0.606756701954982,6.17468806197825
27,19,172.88307922831,354.334511213124,100.310396692955,120.312854547761,32.2897489989147,19.5495191679901,2.92580243741809,0.607028034346979,6.04408203212285
27,20,174.126099180758,338.749254264942,106.06642071176,118.679119989234,33.1427781377955,20.0652893977924,3.69292040493982,0.594343574456343,6.00090943665497
28,1,133.507186035732,28.8859065522469,100.128228875653,49.0527229688856,17.9954181932645,4.44433161658693,0.000195156643537313,0.212546036580263,5.0899021815465
28,2,147.198286955898,40.395688196709,103.580766033613,56.737619920641,18.3533288226919,4.23621271878227,0.000184270608970123,0.235418575982224,5.16873380250118
28,3,173.499962126674,57.5532036955759,111.386300401065,66.8117079353142,19.4275479022505,5.03235583100964,0.000186611212059379,0.306807555552292,5.21197042508686
28,4,180.010770257373,82.3353892443422,107.987155365207,73.406324343732,23.4294671231263,7.7695249228771,0.00017161230644724,0.386618168554768,5.32465953824685
28,5,164.738325724212,113.036082289799,96.1612204573347,76.2147000725154,29.4671788610956,11.274697849357,0.000165707594583295,0.423088607094943,5.52581547828517
28,6,145.504125844048,135.327622365011,93.4918593905995,76.948613842354,32.2124052318221,11.1113177274589,0.000158674795319894,0.393990213546275,5.66467818408867
28,7,135.790104994022,144.10645839827,95.8317184405983,75.789599242372,29.3282389225952,7.76238603778568,0.000156755930569903,0.358334271935241,5.73001147066862
28,8,135.109692052558,144.665740189276,88.3057212966013,74.146995256292,24.426515280422,5.98902510407917,0.000215099994798905,0.317207473833507,5.70915327006944
28,9,136.888346938928,136.772379768466,74.3068686708255,72.7828138125794,21.8351625921481,6.41047827303129,0.000315547066371945,0.289574064338782,5.61955612322086
28,10,154.659952639443,137.082484780101,79.8744983139902,76.4627981301214,24.603280986479,7.35269895344469,0.0078496833564457,0.378447559713293,5.57384565812293
28,11,169.372405516291,137.149721285914,88.1698419008816,85.296271384909,28.462209736753,7.7099903028701,0.296827206588913,0.422186740214353,5.7105954760599
28,12,183.757590804349,146.627584898767,91.3257551937386,90.981322949984,27.1359096709542,7.20858537564314,0.858794725951918,0.406793338608848,5.76397879062761
28,13,188.101753888263,174.982807402775,91.5402079163114,92.8809919418933,26.0919968557239,8.07934785573246,0.699044846817912,0.385151409109061,5.68914383976675
28,14,198.037315291928,231.349041230759,99.7816465822416,97.4001858611628,26.5901698051897,7.42755789517392,1.46439234422528,0.331064599939897,5.60191414066928
28,15,167.13753553849,456.756804039357,127.51742571359,106.516453958993,42.2182546541931,13.5309754251812,3.80770000921624,0.420356359165162,5.90746906166595
28,16,140.723741955315,610.076914535286,139.925235483602,115.119391756279,55.1319699495235,20.7603665000624,4.64649516490779,0.527274252476864,6.15518982080451
28,17,151.650737714783,508.653518061637,121.384109624867,118.916437302701,47.8566408887175,17.2278048674251,3.96270957459002,0.558896462451641,6.11509121014361
28,18,173.045555395965,389.184720143456,103.039594242998,118.305701959647,36.8841516594259,15.6254392388242,3.12925319498665,0.586683023438393,5.98888585883146
28,19,191.166664441705,304.256377959267,102.0870367701,116.63450972863,27.7732646464769,15.0788547561097,2.48893991911235,0.556008291301065,5.84625235331964
28,20,191.309909435155,271.216427509608,106.052025477683,115.985044690664,26.7987146149068,15.7478200567695,3.33155733989235,0.530122996039266,5.82265395920573
29,1,151.854587787048,14.3786780949749,113.026162382603,46.5983196441021,15.6904709969565,4.64950508872149,0.000170719373273865,0.234946594872151,5.06377067004462
29,2,159.484991871794,23.8993837316461,118.078721340803,53.1952781135864,16.942760332431,4.41118636134921,0.000191841030351346,0.269719274817271,5.17198090181987
29,3,174.638186075163,48.8387976893967,123.826120595626,60.8081800043776,18.8763066556698,4.35064389625432,0.000193200750599124,0.307970140332653,5.25953840781089
29,4,189.399322344047,70.0283045736266,118.713821184623,65.3258057497316,22.6769788013322,6.41157832350217,0.000181720010090131,0.35523127957719,5.3631857477971
29,5,181.772166941889,82.3859413429384,105.334947688775,65.2598630975318,27.6224449382791,11.3179877533573,0.000174893965938257,0.422108762193871,5.45811361904944
29,6,160.421460430763,94.603762777222,102.277751371816,63.5299724756327,29.1040567101183,11.5712493814786,0.000161782715810177,0.386663401490809,5.53856171522353
29,7,131.336923308575,104.36988915602,105.688612432048,60.6141785223064,25.2108275006779,6.8717154411612,0.00015945539364642,0.309369798999439,5.56796720416018
29,8,123.892991250418,118.981520877966,101.097365636795,59.5520897017725,22.8263024715697,6.02137477241359,0.000459621269353096,0.311839055950176,5.55689590104783
29,9,134.634123186201,151.519555518615,91.6339578835527,62.3299759969171,25.3624345624347,9.2595381038272,0.00883695534514828,0.417616630465444,5.56433211160746
29,10,147.147168641915,147.738348459142,89.3944658880026,68.4375269793321,29.0982706613631,12.1475781261528,0.144619241687603,0.51642133665645,5.57313850905046
29,11,156.708805513494,101.949606222467,91.1873186325752,78.1110671625254,30.0436894405528,10.5295647170796,0.731410187385388,0.476208449063979,5.60577802645353
29,12,177.303989526935,81.5156712701054,91.1234347168681,85.1009694680339,25.0092509426322,7.33584162200758,0.258711191817986,0.404041040507187,5.5927217335144
29,13,196.141134638189,86.303269757757,89.2220706497177,88.4332146891342,19.8034629019191,5.71806845780559,0.0153016825902067,0.353599157188616,5.45985448902952
29,14,199.222931134427,147.61148353671,100.86318997749,93.9961103855166,21.5967607257982,5.6442333294198,0.0317354764108784,0.334532278360176,5.45096892917618
29,15,165.203802387304,372.528459117383,131.686125602566,104.031401301793,38.4029070030176,9.7047982679916,1.2069384582747,0.428346535180258,5.78752813507171
29,16,137.668417326716,563.519947087621,156.567045581985,112.199930961108,58.3061310924631,14.8326343143575,2.92791111707784,0.49884119653758,6.05612886744755
29,17,148.912436722053,488.586013374376,132.656614623627,112.640659016481,51.6895805517084,15.6925075352874,5.36365679817523,0.547943189444762,5.97319539969202
29,18,179.421875289778,370.66414430677,110.76664491171,112.152386734808,39.1124763623183,14.7755558381703,4.70226284083671,0.563733503752329,5.82044048583763
29,19,210.350949944565,262.495028122324,103.772560740706,112.005812384668,28.9267940256474,12.3772963740864,2.23933467335403,0.53409364199858,5.66254367650969
29,20,210.820235344948,221.886308468712,103.411798385709,112.477212590411,26.9407197187259,13.2459392667116,2.96749998300592,0.516109210168058,5.6546080444039
30,1,150.97966916355,11.6454158334761,119.019687890842,41.1512114219851,12.61767503208,4.00395957015216,0.000127594530900874,0.259051038927399,4.95820845901175
30,2,143.323185883372,14.8170228182388,122.357117848269,46.0827497536376,13.662503537869,3.76219567590589,0.000128333462782444,0.319204158556469,5.0617804735607
30,3,142.91038589675,36.2049593831661,124.279461709553,51.1996551896475,15.5501090873913,3.59876404079561,0.000115410904613039,0.372315393713122,5.14413893716347
30,4,168.366416088684,49.8313016738342,120.612680039073,54.5286810457218,19.5962744716117,5.22118147857777,0.000175179191737082,0.36886069023908,5.25907624884025
30,5,169.618153793871,54.5868265619423,110.297679523112,53.7572684193881,23.3446959634461,8.90879942246506,0.000192079676303652,0.403217891655418,5.32516700768759
30,6,156.128107139755,63.2728193118368,107.427758457841,51.5193915174442,24.2150525969756,9.42637755370249,0.000210192947322483,0.371612211109849,5.38011862084226
30,7,129.310451772973,74.9582963504694,111.897993062175,48.9049498512614,21.9338404237068,6.32289371349888,0.000275455877095181,0.310423372898392,5.4039793453005
30,8,120.588775289189,97.7894239783146,111.263789330524,48.790762397717,21.2058642634668,6.13839665670892,0.00123585159312039,0.338728613227519,5.41062409263038
30,9,130.63292244657,140.286421349777,106.398078592377,52.7408036167067,24.9327725164616,9.93263435652785,0.0358019113866832,0.482804196995894,5.45305201809109
30,10,140.72407110355,138.36593395715,101.587408872594,59.4897622220632,29.2270257319629,13.6131697393,0.356972211520978,0.580354873686056,5.48496452765449
30,11,146.932750869617,83.8271416596521,97.1597884381386,69.1086527363069,30.3773768979629,12.7411704973148,0.615066459829582,0.526677623853654,5.50187194533455
30,12,163.577512293305,54.1149596499425,94.8144980511021,76.931442159187,24.8056053746102,8.48642668759321,0.0974023387624408,0.430629797848172,5.48394049002131
30,13,181.952469143239,56.4490232903927,93.8289472771457,81.9997244382261,18.6678852120484,6.11888980992659,0.00348740431120498,0.365418900487688,5.39421189982036
30,14,180.90890724358,116.206285480551,100.920034712901,88.588573682408,20.9613648818427,6.56558128262952,0.00621480103997832,0.371745506326816,5.4521483123217
30,15,155.125538796613,291.731286186792,116.483651401538,97.2613489513674,33.0870000516442,9.92450628730955,0.40521060606554,0.462127115403629,5.70660257311779
30,16,135.473282574151,444.837177408962,130.380534573336,103.350077752102,46.8743094611088,13.7090100795146,2.75671032360256,0.515812938796062,5.87231677733865
30,17,145.947261659601,423.754484799334,122.866169693816,104.608585955399,47.1717608978446,15.5716548111083,5.31495365664181,0.523766976319563,5.81728710253741
30,18,178.503541798227,327.5935721345,112.363801638818,105.938667212836,39.0789492263227,15.3992598365256,4.92786616959487,0.514333955944358,5.67535983830412
30,19,210.404128606756,221.782069596581,110.101859368791,108.681991458328,32.4992506248775,13.6979552098011,2.1479094851028,0.484122075652216,5.4894658091921
30,20,212.509523001825,193.526437499398,108.329602297815,110.270461759359,30.6873650634343,15.0281321162051,2.89095711647615,0.481381711285861,5.4962508904175
