,0,1,2,3,4,5,6,7,8,9,10,11,12,13,14,15,16,17,18,19,20,21,22,23,24
0,6.940310795714473e-07,1.300563562714595e-06,1.7129842238612809e-06,1.811520244151338e-06,1.6982526872760543e-06,1.5608487939428932e-06,1.3899362905116479e-06,1.4229202356319723e-06,1.577882211363913e-06,1.7359597393768606e-06,1.984903794776107e-06,1.993464215265328e-06,1.7642014297182056e-06,1.7387184086240833e-06,1.7672595725368066e-06,1.8759243209776056e-06,2.3741745013911223e-06,2.5950525891600602e-06,2.070949228349856e-06,1.6613683678269487e-06,1.6393963619854472e-06,1.6378135056308847e-06,1.619974062240933e-06,1.547426703861374e-06,1.0680158700151324e-06
1,1.267600804409529e-06,2.17485927584326e-06,2.8393973867873425e-06,3.0495579315928815e-06,2.7572372647236682e-06,2.4960045158878594e-06,2.2524233727054212e-06,2.2694816193611015e-06,2.6489932128950283e-06,3.3022510196420387e-06,4.007291822309602e-06,3.9222573174411955e-06,3.358461086065568e-06,3.2621271156306667e-06,3.3971357878770894e-06,3.678775695581483e-06,4.101429852693151e-06,4.031290730861203e-06,3.1446618441695686e-06,2.5873594438920586e-06,2.7789595955307064e-06,2.966384956810773e-06,2.998475696526522e-06,2.8822515850444882e-06,1.9237736096383147e-06
2,1.381962013653327e-06,2.237588566918692e-06,2.7703128757953175e-06,3.038870613132661e-06,2.9353789123590404e-06,2.7656258089875767e-06,2.524037662974348e-06,2.505803585066824e-06,2.980940459049942e-06,4.009879856598958e-06,4.984800919590242e-06,4.7876035937618955e-06,4.024056936148441e-06,3.9337110772671605e-06,4.204233076828057e-06,4.514471656880258e-06,4.67742719411446e-06,4.4317468610594176e-06,3.610218027558821e-06,3.002987227468701e-06,3.3237051387231313e-06,3.937693755538917e-06,4.003723199643788e-06,3.538297450706809e-06,2.142647134773412e-06
3,1.4551016475960232e-06,2.204581138519828e-06,2.351772168614496e-06,2.489746788187559e-06,2.573854556173819e-06,2.4049508766761537e-06,2.1535749408141504e-06,2.2850236095096827e-06,2.9059202755407305e-06,3.8572734679178024e-06,4.4892807063943155e-06,4.300486462753089e-06,3.9055087590719625e-06,3.962950090405873e-06,4.1739156287731305e-06,4.281723941665079e-06,4.428078174796028e-06,4.436791576112096e-06,3.8806918434403344e-06,3.1553977850149804e-06,3.311467908592821e-06,4.166109598272474e-06,4.365245140296667e-06,3.632332162161758e-06,2.0763152765188694e-06
4,1.5856823069329044e-06,2.2987658590351814e-06,2.155062179813966e-06,2.0264721306893835e-06,2.0181620459763146e-06,1.7335881686904005e-06,1.3717660816540734e-06,1.6352336456179876e-06,2.4990660496466706e-06,3.3142651744471333e-06,3.569105431530249e-06,3.5691301446223582e-06,3.869184010746363e-06,4.216136918309748e-06,4.31685829713808e-06,4.229885474910245e-06,4.347231732073143e-06,4.20264240542618e-06,3.540246672233154e-06,2.955590633889935e-06,3.079963812549449e-06,3.918663982017488e-06,4.3362137295190205e-06,3.720753425282008e-06,2.265640296858278e-06
5,1.5334305339838069e-06,2.3676216029889175e-06,2.274947170107796e-06,2.060982293448425e-06,2.167846809941228e-06,1.974525400439981e-06,1.320965865752249e-06,1.1880222195249336e-06,1.9210014211085404e-06,2.7711263804594756e-06,3.07136053927536e-06,3.329423867153752e-06,3.999633285661017e-06,4.523291194282948e-06,4.583425391145062e-06,4.28053021905246e-06,4.185235099910906e-06,3.7022521460013586e-06,3.0206801497848163e-06,2.8022159894034866e-06,2.9182760622431114e-06,3.637178189568995e-06,4.20720016441952e-06,3.7497302632274407e-06,2.379230083263927e-06
6,1.6749421365953905e-06,2.7853287559126687e-06,2.8730127982359473e-06,2.7763903632333763e-06,3.147624293333105e-06,3.0326990585189343e-06,2.1884983970966807e-06,1.518628782843893e-06,1.6007492922894007e-06,2.20923576581445e-06,2.7076914785633664e-06,3.3225491475712014e-06,4.09998108524558e-06,4.448855185586919e-06,4.271244450207584e-06,3.739388130360559e-06,3.4997806094340055e-06,3.155864557762426e-06,2.7553490350539228e-06,2.6830543562425417e-06,2.78430338644848e-06,3.388423391730235e-06,3.8440697990376875e-06,3.336579333991082e-06,2.0535260759083985e-06
7,1.7609956354597457e-06,2.9776508989030602e-06,3.139446524365796e-06,3.0750028512895905e-06,3.5373070054890987e-06,3.6025421668772353e-06,2.991677489011986e-06,2.151864472517721e-06,1.5943304487982297e-06,1.6917042912116664e-06,2.211333056262742e-06,3.0340399876349626e-06,3.6888335142679504e-06,3.636781412102856e-06,3.1551949851319578e-06,2.5629490435005204e-06,2.450761093359788e-06,2.6462600046348314e-06,2.580701018800418e-06,2.5528901218276026e-06,2.8575786605875754e-06,3.3278076676908143e-06,3.2997705695455816e-06,2.584256717232455e-06,1.4740645649682196e-06
8,1.819199474527152e-06,2.9250520733840446e-06,2.90764938389394e-06,2.5494563487599507e-06,2.924401483890087e-06,3.363719779542471e-06,3.101278006648987e-06,2.3908484242128856e-06,1.7712981483891974e-06,1.5826672710162066e-06,1.881036436045952e-06,2.562435266515492e-06,3.004770299829907e-06,2.754288317259242e-06,2.1322657351799054e-06,1.6348928998356126e-06,1.7772896200491437e-06,2.351266402097612e-06,2.59001956385492e-06,2.8450895209083312e-06,3.3827176868143144e-06,3.4854593419004533e-06,3.033993458293196e-06,2.3646547056751114e-06,1.2926779096843327e-06
9,1.7635639309017809e-06,2.631602997311644e-06,2.4356053572907384e-06,1.959227128568501e-06,2.303221971395222e-06,2.8950608144932954e-06,2.9174490173392605e-06,2.533585867550372e-06,2.1616997516048616e-06,1.9684462448967907e-06,1.9882205425750236e-06,2.3599737055255565e-06,2.7265489097789183e-06,2.4614153499672527e-06,1.7974862150895896e-06,1.5578784421828478e-06,1.932149441110317e-06,2.4108860845590845e-06,2.6251531866503037e-06,3.0464304086921114e-06,3.6982695869032694e-06,3.6846207862315285e-06,3.39183370414386e-06,3.098591670932029e-06,1.8196399592064542e-06
10,1.5159750091056039e-06,2.1263114777972993e-06,1.914060693452199e-06,1.6673968693891452e-06,2.0056203588594567e-06,2.47035307947113e-06,2.6837585324036556e-06,2.5706939207176937e-06,2.373263634148715e-06,2.365588556390379e-06,2.2481004712585753e-06,2.2163811085181484e-06,2.44464759454964e-06,2.3054911447431984e-06,1.976778109781282e-06,2.1382421890015994e-06,2.5942347597217636e-06,2.747316514901477e-06,2.777436545044927e-06,3.0874806950861704e-06,3.445296699974441e-06,3.354580681389873e-06,3.30304869650832e-06,3.3019606332943847e-06,2.0448669732937595e-06
11,1.5120773887822991e-06,2.0371575801484836e-06,1.7293411977968752e-06,1.5557166752143159e-06,1.7549561044809967e-06,2.1066041855018464e-06,2.372020011927542e-06,2.315473786951383e-06,2.221438413402279e-06,2.318181754138817e-06,2.1640012027168714e-06,1.9112892784857053e-06,1.9362358692344424e-06,1.9647045633306505e-06,2.209283483062412e-06,2.683113966211545e-06,2.9532762153046214e-06,2.8842445108009443e-06,3.0798416238534294e-06,3.5032688610619236e-06,3.405840621179983e-06,2.974286152967889e-06,2.885214592355746e-06,2.9084306208991662e-06,1.8559274386823912e-06
12,1.6214851005951575e-06,2.295881391072451e-06,2.0003553689880985e-06,1.7775813228986166e-06,1.9008167917819233e-06,2.2756131843980833e-06,2.298381956696824e-06,1.9003684697624763e-06,1.7095324905821486e-06,1.7865638050741423e-06,1.748927577163288e-06,1.6662392008271689e-06,1.615921204343073e-06,1.6943279612742787e-06,2.179515858391642e-06,2.6222789534749746e-06,2.6884191100530688e-06,2.7482902702860452e-06,3.3036524820710407e-06,3.8636406754715305e-06,3.5823253906334095e-06,3.0649276317676605e-06,3.045396039155036e-06,2.9925299652811644e-06,1.8815337047723435e-06
13,1.2399822324602708e-06,1.955927758247972e-06,1.9605762197739003e-06,1.955081458506113e-06,2.252570682894875e-06,2.5890276785140435e-06,2.2594180554632485e-06,1.596507587767777e-06,1.237771646562314e-06,1.2065678537064667e-06,1.2927463540349593e-06,1.409204478477786e-06,1.3650300483217093e-06,1.4304215836166874e-06,1.7808501025779647e-06,2.0562583585656952e-06,2.3410637378158295e-06,2.8705502320058322e-06,3.507202204541405e-06,3.883456744693255e-06,3.7520275931161645e-06,3.59589891395544e-06,3.848017208375582e-06,3.655057688394839e-06,2.1387879777101703e-06
14,8.749881327833755e-07,1.4629362305760478e-06,1.7356157242686367e-06,1.9063159908541364e-06,2.2828860081668103e-06,2.6639327912131762e-06,2.3537493260610884e-06,1.7193766352897018e-06,1.1606881459875547e-06,8.611664644408187e-07,8.721384884663722e-07,1.0170348206623915e-06,1.077901636128773e-06,1.2446393058293917e-06,1.5416704161822955e-06,1.85948451903312e-06,2.5246589381169253e-06,3.3197735232077994e-06,3.6377434627919265e-06,3.691451282682726e-06,3.825444513105901e-06,4.113198856623943e-06,4.481629330971316e-06,4.066271077259342e-06,2.284010991265103e-06
15,1.0670475850391374e-06,1.7447908447462746e-06,2.1687367086107263e-06,2.194478905295561e-06,2.387794439806856e-06,2.970492235980666e-06,2.8553543332920015e-06,2.075542419584608e-06,1.1959537422976857e-06,6.461544315434443e-07,6.421407139080438e-07,9.864068977456036e-07,1.2052627157829853e-06,1.3829473552765887e-06,1.657212667461769e-06,2.0380995262577354e-06,2.937126530282427e-06,3.84586586063434e-06,3.8428578115589135e-06,3.644901200334863e-06,3.840645670553369e-06,4.379524441145351e-06,4.754353392529835e-06,4.032492934692251e-06,2.157513221681311e-06
16,1.2924115834073668e-06,2.2105360207476333e-06,2.6351228934543306e-06,2.3381920348989904e-06,2.1680531069875815e-06,2.626162883073306e-06,2.629289936324438e-06,1.9161922865808183e-06,1.114434425042144e-06,6.698444486348679e-07,8.025321622317893e-07,1.3321564537722603e-06,1.6030799973503632e-06,1.7590343448143841e-06,2.0057231375895884e-06,2.1902222203498927e-06,2.8297068253634647e-06,3.674919693688028e-06,3.737248178147694e-06,3.5215966436723964e-06,3.494487351329636e-06,4.043676457096826e-06,4.6089312845836485e-06,3.847772189341579e-06,1.9953140383868383e-06
17,1.3017960399762727e-06,2.3151283041482937e-06,2.6621425579120186e-06,2.1138350930359863e-06,1.5249892554385468e-06,1.6346643755839738e-06,1.7460496362117703e-06,1.3404039580804547e-06,9.297668982906934e-07,8.578177157826822e-07,1.0551897146466491e-06,1.379869386840962e-06,1.5380708749639148e-06,1.7572136465113481e-06,2.067916631986193e-06,2.155321447461073e-06,2.349030777566458e-06,2.7321305841363465e-06,2.8861410156483288e-06,2.784568353580049e-06,2.611764672714236e-06,2.987451419854641e-06,3.4793423893138712e-06,2.9538094872511683e-06,1.5841495224487696e-06
18,1.2388863293396062e-06,2.1655133147812215e-06,2.572298375134886e-06,2.0096581690039952e-06,1.1391826373152968e-06,1.0035494473488517e-06,1.1070913017559124e-06,8.777945688688758e-07,7.707923655375085e-07,9.818295998342567e-07,1.1117504012591775e-06,1.1561704151109552e-06,1.2070238461339832e-06,1.2997293161752514e-06,1.5039357977807703e-06,1.7172016263069567e-06,1.8438761836398927e-06,1.8109011159973104e-06,1.8211538851722182e-06,1.9290833095936034e-06,2.148226491117053e-06,2.6109440383778234e-06,2.8068034769830278e-06,2.228190910035118e-06,1.2073844548610727e-06
19,9.435642161301172e-07,1.743656365071848e-06,2.3030076986749607e-06,1.9523426938421287e-06,1.1207508528117662e-06,8.034669113378883e-07,7.199878814038011e-07,6.312417552550112e-07,7.844591662857946e-07,1.0532646298879807e-06,1.178831952078493e-06,1.3185397382316488e-06,1.389834485424425e-06,1.1859484380339788e-06,1.0305056617271825e-06,1.1230595839399403e-06,1.240411767962399e-06,1.1209489743446005e-06,1.0670653765855917e-06,1.3158204195120098e-06,1.8861809038481285e-06,2.539833595209374e-06,2.647392632177075e-06,1.945229257920175e-06,9.71174045436372e-07
20,5.441104512714331e-07,1.1032701124157207e-06,1.6580059570440067e-06,1.7652903146836194e-06,1.3470474529839232e-06,8.74517129507578e-07,6.388795677177716e-07,7.922487445475521e-07,1.1258652943272042e-06,1.2291368361115697e-06,1.4117101585081846e-06,2.0110638499885664e-06,2.310566900237622e-06,1.789994482716948e-06,1.2515403260627304e-06,1.0932106344654243e-06,1.2015646237164795e-06,1.2299723670548874e-06,1.2034228621277028e-06,1.2816730437060442e-06,1.5840583099240586e-06,2.0638788673352213e-06,2.095852309299507e-06,1.443285887829999e-06,6.605676024667521e-07
21,4.3847781503502397e-07,8.697708701503376e-07,1.4146847294538957e-06,1.9185102089717786e-06,1.941465900865799e-06,1.4547671369275341e-06,1.1123371695233014e-06,1.3734217232611496e-06,1.7310158031179678e-06,1.6355992007181814e-06,1.7634674506059212e-06,2.7999654338854384e-06,3.5392637122941845e-06,2.765857557473387e-06,1.8802220039268926e-06,1.5265034852045089e-06,1.6306920033258127e-06,1.8036442485398494e-06,1.8707384374085533e-06,1.8961063967980493e-06,1.955830385796727e-06,2.1565745145180647e-06,1.929176774879348e-06,1.152540874745127e-06,4.887284865426589e-07
22,5.519392708115565e-07,1.0136247679820488e-06,1.4145718080657405e-06,1.8315241856092046e-06,2.2568468019057382e-06,2.2217743180126126e-06,1.8529303384885563e-06,1.9075086251548243e-06,2.0896190421528777e-06,1.971730001839758e-06,2.0533746859671465e-06,2.9927876389148953e-06,3.847912806455414e-06,3.163983674321316e-06,2.2391463084273257e-06,1.7765224284122498e-06,1.7085611605325165e-06,1.8248968366883225e-06,2.033069229422866e-06,2.3922912473959918e-06,2.6592190615517186e-06,2.6425893886113985e-06,2.0440343905273596e-06,1.1256211709448386e-06,4.538473135835984e-07
23,6.830008192758408e-07,1.1241864550239791e-06,1.1898700899871602e-06,1.2156757619666642e-06,1.7682827294078546e-06,2.241141948552016e-06,2.158809033049082e-06,2.170287318604951e-06,2.098070335478121e-06,2.0224275262763415e-06,2.219432474711344e-06,2.6692035954008903e-06,3.0495211958647767e-06,2.6844027509251735e-06,2.1455716435903286e-06,1.8261663643012207e-06,1.666003076540606e-06,1.5895609633290847e-06,1.759091415203088e-06,2.3838430772058907e-06,2.9104137340469546e-06,2.7560045518433226e-06,1.996137760371862e-06,1.1653157188869588e-06,4.832592960786033e-07
24,7.288694421884741e-07,1.1116290503852604e-06,9.910996052902478e-07,7.833097917660267e-07,1.1276725859880406e-06,1.6821173478313392e-06,1.9410248575516755e-06,2.107795606533597e-06,1.9533936448651527e-06,1.9299746887071622e-06,2.2484434594728046e-06,2.4362291854499324e-06,2.407859302127335e-06,2.2631034513956816e-06,2.142186931012879e-06,2.0976750260391178e-06,1.9192404208409037e-06,1.559211300286083e-06,1.472700771631218e-06,2.043497743715933e-06,2.7802234901699897e-06,2.783934919813265e-06,2.1732471237663863e-06,1.4821246019260397e-06,6.910469647064516e-07
25,6.320253947797427e-07,1.016301247039333e-06,9.332884306567399e-07,7.11570324850873e-07,8.700475410580239e-07,1.2741512869743294e-06,1.5719213720137822e-06,1.6924903429219354e-06,1.6304903116531892e-06,1.786568332048664e-06,2.103698461663357e-06,2.124786285844021e-06,1.9461828261640316e-06,1.9779817166793506e-06,2.1343598865842967e-06,2.4103334844061476e-06,2.2671067150563236e-06,1.626980832418961e-06,1.2932482108773744e-06,1.6905748722119222e-06,2.61039752397068e-06,2.9032793645660542e-06,2.4089330705105197e-06,1.742032309355958e-06,8.964338604415364e-07
26,5.409210186503201e-07,9.729982338258936e-07,1.002132838182232e-06,8.564365763889111e-07,8.923155094924913e-07,1.0198420849432668e-06,1.2408089723794e-06,1.4470975208042658e-06,1.5374532595813001e-06,1.7423130373430934e-06,1.8898572825283442e-06,1.688750859520034e-06,1.4382143243520827e-06,1.418204492061586e-06,1.5314510563983164e-06,1.9684287721909706e-06,2.048340996130426e-06,1.6507965452971025e-06,1.4643606420651674e-06,1.593756121048073e-06,2.2111804860612136e-06,2.566091343739266e-06,2.2324081664790274e-06,1.6905313316151672e-06,9.832729795567523e-07
27,5.130934016917527e-07,1.0117017317407064e-06,1.230408097053443e-06,1.1880393034017874e-06,1.1004411488720306e-06,9.709267894316609e-07,1.1086183717344692e-06,1.468433331667273e-06,1.717003294086347e-06,1.8758865950636548e-06,1.815683284586624e-06,1.5356575573271451e-06,1.2976846994783085e-06,1.0864871794308908e-06,1.0177348329795336e-06,1.2955315140317488e-06,1.4641854563108842e-06,1.54555107712075e-06,1.673771704261339e-06,1.5589844137681188e-06,1.6740140518337932e-06,1.947299404376648e-06,1.941608725098204e-06,1.7065699333397324e-06,1.0958571227990814e-06
28,5.410142890733535e-07,1.0339865540876295e-06,1.3154219626821584e-06,1.3300591427411003e-06,1.256108856371441e-06,1.0708887530697466e-06,1.0629014206987229e-06,1.2990567613355484e-06,1.6225821712582764e-06,1.8522211029197729e-06,1.789120079546163e-06,1.6912922715759443e-06,1.592316398659378e-06,1.261393778530528e-06,1.0228346995080774e-06,1.0649049680631003e-06,1.1536706559405967e-06,1.3281041142615108e-06,1.4524536201064553e-06,1.3380153636055988e-06,1.4187914977979847e-06,1.6315224886005074e-06,1.7080115307277882e-06,1.6216079461024494e-06,1.0431498259474434e-06
29,6.288894891930006e-07,9.930799959132458e-07,1.0857734903565668e-06,1.0538623078888467e-06,1.0938361151916133e-06,1.1424411186826863e-06,1.2888485339242102e-06,1.4079617000113846e-06,1.5690442685793032e-06,1.7287282160688468e-06,1.7274452818007687e-06,1.9009409989869862e-06,1.9769556836244477e-06,1.5234725702054105e-06,1.048116076839988e-06,9.491264938509136e-07,1.0315407498799606e-06,1.117821468680655e-06,1.1613741631100327e-06,1.1981799994041076e-06,1.3059466755219359e-06,1.279105914742676e-06,1.1643872305504885e-06,1.1086744955600165e-06,7.174303740825791e-07
30,7.295261337703075e-07,1.0460946682377837e-06,9.013749325935223e-07,7.166774395789415e-07,8.66611265019229e-07,1.2848305160459906e-06,1.712440484052349e-06,1.7025719951747829e-06,1.531542709468852e-06,1.4974280769255366e-06,1.4410489213963961e-06,1.7459548391086793e-06,2.0083179983565625e-06,1.5959406405470154e-06,9.854356835024744e-07,7.987730839033655e-07,9.684495423204021e-07,1.1682033165860486e-06,1.2815392443337365e-06,1.360170679932596e-06,1.2906625683919807e-06,9.848684990136932e-07,7.210196335489578e-07,6.375705797576507e-07,4.069539188722683e-07
31,7.812125590225417e-07,1.210652477397581e-06,1.0313832047267763e-06,7.225606628398575e-07,9.000551144129396e-07,1.4674716550625645e-06,1.814531956819339e-06,1.6298611358180625e-06,1.406596889425604e-06,1.3585853743382517e-06,1.2399749390952559e-06,1.492685230800383e-06,1.8565203652063953e-06,1.6271727663842764e-06,1.103240884261222e-06,9.849130889744368e-07,1.2466464653600391e-06,1.50881513850973e-06,1.570489119287752e-06,1.4308101443497972e-06,1.1482585933459595e-06,8.08281520888403e-07,5.786686684141755e-07,4.877926113442005e-07,3.1728681261019807e-07
32,7.360270323509364e-07,1.247959107402403e-06,1.2115526441751858e-06,9.313922163228858e-07,1.062837360921316e-06,1.4627876057877532e-06,1.4668875020766693e-06,1.2413880447413342e-06,1.2629961643344879e-06,1.3373832936374016e-06,1.3327277469048493e-06,1.595265933415254e-06,1.848369617168409e-06,1.6241229219411712e-06,1.3987841300951e-06,1.5565608796976262e-06,1.666623011910477e-06,1.6468801040928895e-06,1.510212883964247e-06,1.158740189392413e-06,8.759983099260933e-07,7.1433552482334e-07,5.5284907176117e-07,4.700537388797367e-07,3.383238146196785e-07
33,6.202162988613985e-07,1.1149798725691078e-06,1.1209332614998134e-06,9.942755060051002e-07,1.3539857893816035e-06,1.769271405781499e-06,1.5302669420992084e-06,1.1214243558737328e-06,1.088491053101081e-06,1.1941650142368538e-06,1.4566742826823444e-06,1.8732567630281961e-06,1.8614761486674882e-06,1.4138532904872605e-06,1.3852725362580437e-06,1.7603933643675189e-06,1.6817785115502682e-06,1.3503577294530198e-06,1.0261278012783235e-06,7.284936815823942e-07,6.993616074794272e-07,7.14731481181793e-07,6.23819921775422e-07,5.481443349825844e-07,3.806642700177564e-07
34,5.348232248589589e-07,9.716620329756499e-07,9.761238438457114e-07,9.821269456373467e-07,1.6629651820108938e-06,2.463645640604236e-06,2.2758294563580273e-06,1.5215605338318163e-06,1.1402418013726416e-06,1.149017597376488e-06,1.4876428669752109e-06,1.8694732503964966e-06,1.6525090630859226e-06,1.0908797941258083e-06,1.0373735185827473e-06,1.4328947338782621e-06,1.3819115142705725e-06,9.640955580627766e-07,5.819375723846568e-07,4.317085476076192e-07,5.452121275338166e-07,6.319315817885192e-07,6.960689824357172e-07,7.272633723271841e-07,5.087059069817115e-07
35,5.673685310622864e-07,1.1366108724320506e-06,1.4434654590144334e-06,1.3671732308627904e-06,1.671978106781381e-06,2.449922121109097e-06,2.5055780350185774e-06,1.9252318129477426e-06,1.5262445427342112e-06,1.5053969696596997e-06,1.6496165290025735e-06,1.6059115218011101e-06,1.258997028823031e-06,8.747483184384524e-07,8.792329728608736e-07,1.2328241689403735e-06,1.1817021398140093e-06,7.156760937125418e-07,3.255799018734867e-07,2.516607126482799e-07,3.858975400564123e-07,5.327068631672277e-07,7.550173306389823e-07,9.186541094673231e-07,6.699862269549918e-07
36,8.581898688656091e-07,1.8219988427076242e-06,2.555155608414189e-06,2.235124025948144e-06,1.655061121954732e-06,1.7921998088455465e-06,1.93512255936633e-06,1.8034809343162845e-06,1.6656777160978603e-06,1.7150931471172242e-06,1.7508612137963463e-06,1.4375550661644073e-06,1.0507898945196676e-06,8.820151472540241e-07,1.008417867465541e-06,1.2515032927631446e-06,1.1246467662768602e-06,6.229884766337511e-07,2.1350585385126168e-07,1.5426733656612092e-07,3.260344724265758e-07,5.323875364807707e-07,8.223592582185607e-07,1.047768770258615e-06,7.55112001431092e-07
37,1.1274523909246217e-06,2.2409279555104702e-06,2.9853779420199964e-06,2.717962748518018e-06,1.9976637408623906e-06,1.6124460549449555e-06,1.46801892195695e-06,1.5343065435076135e-06,1.7879762739269705e-06,1.8692804931009592e-06,1.6402024307391077e-06,1.2640199842797747e-06,1.0322922356877335e-06,1.10985796360874e-06,1.2577728047198237e-06,1.174429796676778e-06,9.435432065940775e-07,5.417397743941264e-07,2.0251153168866378e-07,1.798518488401256e-07,4.063603920304092e-07,6.285322620528817e-07,8.914576317448841e-07,1.0795387032095745e-06,7.167886113692991e-07
38,1.1903450046720167e-06,2.1914914672711096e-06,2.688488181808237e-06,2.6650993102786026e-06,2.4465819887568035e-06,1.982536949772791e-06,1.5493367199969271e-06,1.6549059002646826e-06,2.180153640395584e-06,2.2899139138923194e-06,1.8365549877494628e-06,1.4696814669356887e-06,1.281611880029729e-06,1.3113100619407608e-06,1.381493810497035e-06,1.154427985698963e-06,8.541056145695896e-07,5.567973702910165e-07,3.6894918027928134e-07,4.16116366880154e-07,7.218163604298323e-07,9.601650034365683e-07,1.1239970999510837e-06,1.1787615150165746e-06,7.205881698277362e-07
39,1.2132720555895553e-06,2.269514103580498e-06,2.6466821399579842e-06,2.5157644012097686e-06,2.5026774062553273e-06,2.2799532944877694e-06,1.9442350676216047e-06,1.9675842959649098e-06,2.3127073753593546e-06,2.4474456526011017e-06,2.1647365192085592e-06,1.8307741607535184e-06,1.4395851125831654e-06,1.2440491578206394e-06,1.23206675404829e-06,1.1358220363692031e-06,9.115032862780267e-07,7.429075126213542e-07,7.766283968294867e-07,8.256492075680392e-07,1.0369688302319388e-06,1.2479443236393247e-06,1.3675436612497008e-06,1.3749122271115476e-06,8.489736400612685e-07
40,1.2172146924303068e-06,2.2917307069572923e-06,2.643522093664188e-06,2.3680491264739714e-06,2.2596686166477894e-06,2.313217606219591e-06,2.2076715863877663e-06,2.0403508691902855e-06,2.0469726646886463e-06,2.1616519285147827e-06,2.091420629146425e-06,1.7450302097494056e-06,1.290932092361067e-06,1.1330034482043243e-06,1.1044112817639283e-06,1.159737151007476e-06,1.128179599250899e-06,1.0671892048978286e-06,1.2143588465398842e-06,1.2171111898169027e-06,1.2452743723880154e-06,1.3522219879531242e-06,1.3776982186728034e-06,1.4284081155437776e-06,9.604348657092663e-07
41,1.1269391968364339e-06,1.8357074951129868e-06,2.0059379925218632e-06,1.912781878084585e-06,1.8377520666334438e-06,2.0380889838257715e-06,2.0493864725671837e-06,1.6929120162563517e-06,1.5116976772160648e-06,1.658029962637471e-06,1.7408875163221272e-06,1.5113033660204975e-06,1.2468127715697562e-06,1.218065485451945e-06,1.1601299024954708e-06,1.2557160413860731e-06,1.4494972425729757e-06,1.4157114787560804e-06,1.3695079332531877e-06,1.315592991652838e-06,1.3287118633040764e-06,1.4429643148951325e-06,1.3478206662090139e-06,1.2783207926258889e-06,8.962911633941886e-07
42,8.876334460642273e-07,1.2678272379040232e-06,1.3002584898957995e-06,1.3793607348318863e-06,1.3918737253092287e-06,1.64819010172206e-06,1.6778952198252724e-06,1.2866450654290846e-06,1.15998715091707e-06,1.4394386538973483e-06,1.6393921594362738e-06,1.5159956595168716e-06,1.4514772959730025e-06,1.4588689064097835e-06,1.2544166248561758e-06,1.2302987480285152e-06,1.4967894754605685e-06,1.4857463345395146e-06,1.340598342319487e-06,1.2683945949498501e-06,1.1899406238305574e-06,1.3018895548317984e-06,1.3953010283763684e-06,1.321941428535305e-06,8.825094829630931e-07
43,7.556430118438221e-07,1.1060494885678103e-06,1.1212126005752223e-06,1.0879618875086714e-06,1.0375148385995037e-06,1.2956482808153227e-06,1.3883428747070233e-06,1.1641840325168598e-06,1.1786509156811388e-06,1.5211881252655217e-06,1.7049253058465397e-06,1.554886282557859e-06,1.5193730738708463e-06,1.5245143107992006e-06,1.4059522403661983e-06,1.4425729937354469e-06,1.6003856799358289e-06,1.4817454773723096e-06,1.3757971477762758e-06,1.337411806099415e-06,1.1312371847899184e-06,1.263388599929079e-06,1.720189881816311e-06,1.7492347934411585e-06,1.0897963234999142e-06
44,9.554639610255256e-07,1.361250703370564e-06,1.2457038070098804e-06,9.68640179869361e-07,7.536706627629591e-07,8.831769268080818e-07,1.1432257650236713e-06,1.247016995209124e-06,1.2862553762308224e-06,1.6248058057136133e-06,1.84587884431257e-06,1.5225548180572127e-06,1.2661486390277088e-06,1.373708430959556e-06,1.7201879916764194e-06,2.0803291284863087e-06,2.1447369979795883e-06,1.7502073234192745e-06,1.4993579995118885e-06,1.5109410049582796e-06,1.3593158057286214e-06,1.4704709246456787e-06,1.9368773759872108e-06,1.9585900109095886e-06,1.192683499250636e-06
45,1.051141195360705e-06,1.4779232138208403e-06,1.2916522633048385e-06,9.924831553211682e-07,7.376301070513154e-07,8.16564391374869e-07,1.2403138922768248e-06,1.478887919097123e-06,1.4566081657383758e-06,1.7466585436320126e-06,1.898694681076543e-06,1.324841725828615e-06,8.686606767002951e-07,1.1330989615115422e-06,1.8629160888733417e-06,2.462105707657804e-06,2.479884503929395e-06,1.8966586002625708e-06,1.5422385869027733e-06,1.6328535340194236e-06,1.6209991175252965e-06,1.6015418628318699e-06,1.8078996760399537e-06,1.7968410608532863e-06,1.1343536873607428e-06
46,8.160509215942199e-07,1.2657331556235417e-06,1.3012345323007905e-06,1.236992574248239e-06,1.1435710207918725e-06,1.4329281646963178e-06,1.872865850749781e-06,1.7339926135795338e-06,1.5319343043363147e-06,1.6606946209025403e-06,1.5458920799178672e-06,9.574431255215514e-07,5.815148677276096e-07,8.581626607603934e-07,1.5403849829391176e-06,2.0279517716049907e-06,2.022433753040013e-06,1.6907014732757602e-06,1.4947719574000487e-06,1.5128884905088088e-06,1.598945822683403e-06,1.678053267620768e-06,1.780491684023202e-06,1.6836523784007024e-06,1.081145145331725e-06
47,5.770416179070212e-07,1.0692659212592713e-06,1.3736091167347646e-06,1.5681039115434936e-06,1.7204575197128969e-06,2.0627633720457737e-06,2.1792371192624543e-06,1.6530737306815908e-06,1.5127151436762683e-06,1.7026485537390916e-06,1.3629540626177332e-06,8.212129376289785e-07,5.944689749007924e-07,7.458667753274717e-07,1.0987652741216026e-06,1.2410457443022207e-06,1.2203475555010448e-06,1.296478238109693e-06,1.2997949338712235e-06,1.2252771824532416e-06,1.4754152371841918e-06,1.8850336977731413e-06,1.9689858782425724e-06,1.6617198212347847e-06,9.61319225921518e-07
48,6.355837147449688e-07,1.1802550288427403e-06,1.3580052993581505e-06,1.442631879509628e-06,1.6124695117011024e-06,1.694583163077788e-06,1.4953380291804145e-06,1.0827383873526931e-06,1.1661357482975494e-06,1.5478765707318093e-06,1.390954221558082e-06,1.0027634199141168e-06,8.639708224376814e-07,8.990023271373308e-07,8.824275697718845e-07,7.032634243743302e-07,6.747928556738111e-07,9.277458535562899e-07,1.019720722087485e-06,9.427668953267009e-07,1.248960914956531e-06,1.7106995900893327e-06,1.6657561395503466e-06,1.3140302332064367e-06,7.181175842024216e-07
49,5.920763361759121e-07,1.0232358464225706e-06,9.434649928039692e-07,7.714283749027078e-07,8.046243547283882e-07,7.885291432492843e-07,6.351423547582241e-07,4.683376173552279e-07,5.377792706825076e-07,8.185494637112693e-07,9.120799770684108e-07,8.037703156124815e-07,7.692690464774626e-07,7.672495697556315e-07,5.730780387583223e-07,3.088526624354037e-07,2.9297688507786504e-07,5.221605998008641e-07,6.52204092694714e-07,5.983655236430784e-07,7.506877994408498e-07,9.454651903968871e-07,7.989769153133284e-07,5.988150253919635e-07,3.315762176932653e-07
